"Type","Entries","Year","Value"
"CUKAI LANGSUNG/DIRECT TAX","Perseorangan/Individuals","1970",489
"CUKAI LANGSUNG/DIRECT TAX","Syarikat-syarikat/Companies","1970",168
"CUKAI LANGSUNG/DIRECT TAX","Petroleum/Petroleum","1970",0
"CUKAI LANGSUNG/DIRECT TAX","Pegangan dan lain-lain/Withholding and others","1970",0
"CUKAI LANGSUNG/DIRECT TAX","Duti Harta Pusaka/Estate Duty","1970",0
"CUKAI LANGSUNG/DIRECT TAX","Duti Setem/Stamp Duty","1970",17
"CUKAI LANGSUNG/DIRECT TAX","RPGT/Real Property Gains Tax","1970",0
"CUKAI LANGSUNG/DIRECT TAX","Lain-lain/Others","1970",11
"CUKAI TAK LANGSUNG/INDIRECT TAX","Duti Eksport/Export Duties","1970",259
"CUKAI TAK LANGSUNG/INDIRECT TAX","Duti Import dan Cukai Tokok","1970",558
"CUKAI TAK LANGSUNG/INDIRECT TAX","Import Duties and Surtax","1970",0
"CUKAI TAK LANGSUNG/INDIRECT TAX","Duti Eksais/Excise Duties","1970",249
"CUKAI TAK LANGSUNG/INDIRECT TAX","Cukai Jualan/Sales Tax","1970",0
"CUKAI TAK LANGSUNG/INDIRECT TAX","Cukai Perkhidmatan/Service Tax","1970",0
"CUKAI TAK LANGSUNG/INDIRECT TAX","Cukai Barang dan Perkhidmatan/Goods and Services Tax","1970",0
"CUKAI TAK LANGSUNG/INDIRECT TAX","Lain-lain/Others","1970",89
"Hasil Bukan Cukai/Non Tax Revenue","Dividen PETRONAS/PETRONAS Dividen","1970",0
"Hasil Bukan Cukai/Non Tax Revenue","Royalti Petroleum & Gas/Petroleum Royalty & Gas","1970",0
"Hasil Bukan Cukai/Non Tax Revenue","Lesen Kenderaan Bermotor dan Cukai Jalan/Motor Vehicle Licence and Roadtax","1970",169
"Hasil Bukan Cukai/Non Tax Revenue","Dividen Bank Negara/Bank Negara Dividen","1970",0
"Hasil Bukan Cukai/Non Tax Revenue","Lain-lain/Others","1970",360
"Penerimaan Bukan Hasil/Non-Revenue"," Terimaan Bukan  Hasil/Non-Revenue Receipts","1970",31
"Penerimaan Bukan Hasil/Non-Revenue"," Hasil Wilayah Persekutuan","1970",0
"Penerimaan Bukan Hasil/Non-Revenue"," Revenue from Federal Territories","1970",0
"CUKAI LANGSUNG/DIRECT TAX","Perseorangan/Individuals","1971",517
"CUKAI LANGSUNG/DIRECT TAX","Syarikat-syarikat/Companies","1971",168
"CUKAI LANGSUNG/DIRECT TAX","Petroleum/Petroleum","1971",0
"CUKAI LANGSUNG/DIRECT TAX","Pegangan dan lain-lain/Withholding and others","1971",0
"CUKAI LANGSUNG/DIRECT TAX","Duti Harta Pusaka/Estate Duty","1971",0
"CUKAI LANGSUNG/DIRECT TAX","Duti Setem/Stamp Duty","1971",20
"CUKAI LANGSUNG/DIRECT TAX","RPGT/Real Property Gains Tax","1971",0
"CUKAI LANGSUNG/DIRECT TAX","Lain-lain/Others","1971",16
"CUKAI TAK LANGSUNG/INDIRECT TAX","Duti Eksport/Export Duties","1971",231
"CUKAI TAK LANGSUNG/INDIRECT TAX","Duti Import dan Cukai Tokok","1971",582
"CUKAI TAK LANGSUNG/INDIRECT TAX","Import Duties and Surtax","1971",0
"CUKAI TAK LANGSUNG/INDIRECT TAX","Duti Eksais/Excise Duties","1971",307
"CUKAI TAK LANGSUNG/INDIRECT TAX","Cukai Jualan/Sales Tax","1971",0
"CUKAI TAK LANGSUNG/INDIRECT TAX","Cukai Perkhidmatan/Service Tax","1971",0
"CUKAI TAK LANGSUNG/INDIRECT TAX","Cukai Barang dan Perkhidmatan/Goods and Services Tax","1971",0
"CUKAI TAK LANGSUNG/INDIRECT TAX","Lain-lain/Others","1971",72
"Hasil Bukan Cukai/Non Tax Revenue","Dividen PETRONAS/PETRONAS Dividen","1971",0
"Hasil Bukan Cukai/Non Tax Revenue","Royalti Petroleum & Gas/Petroleum Royalty & Gas","1971",6
"Hasil Bukan Cukai/Non Tax Revenue","Lesen Kenderaan Bermotor dan Cukai Jalan/Motor Vehicle Licence and Roadtax","1971",175
"Hasil Bukan Cukai/Non Tax Revenue","Dividen Bank Negara/Bank Negara Dividen","1971",0
"Hasil Bukan Cukai/Non Tax Revenue","Lain-lain/Others","1971",290
"Penerimaan Bukan Hasil/Non-Revenue"," Terimaan Bukan  Hasil/Non-Revenue Receipts","1971",30
"Penerimaan Bukan Hasil/Non-Revenue"," Hasil Wilayah Persekutuan","1971",0
"Penerimaan Bukan Hasil/Non-Revenue"," Revenue from Federal Territories","1971",0
"CUKAI LANGSUNG/DIRECT TAX","Perseorangan/Individuals","1972",559
"CUKAI LANGSUNG/DIRECT TAX","Syarikat-syarikat/Companies","1972",182
"CUKAI LANGSUNG/DIRECT TAX","Petroleum/Petroleum","1972",0
"CUKAI LANGSUNG/DIRECT TAX","Pegangan dan lain-lain/Withholding and others","1972",0
"CUKAI LANGSUNG/DIRECT TAX","Duti Harta Pusaka/Estate Duty","1972",0
"CUKAI LANGSUNG/DIRECT TAX","Duti Setem/Stamp Duty","1972",27
"CUKAI LANGSUNG/DIRECT TAX","RPGT/Real Property Gains Tax","1972",0
"CUKAI LANGSUNG/DIRECT TAX","Lain-lain/Others","1972",35
"CUKAI TAK LANGSUNG/INDIRECT TAX","Duti Eksport/Export Duties","1972",232
"CUKAI TAK LANGSUNG/INDIRECT TAX","Duti Import dan Cukai Tokok","1972",589
"CUKAI TAK LANGSUNG/INDIRECT TAX","Import Duties and Surtax","1972",0
"CUKAI TAK LANGSUNG/INDIRECT TAX","Duti Eksais/Excise Duties","1972",366
"CUKAI TAK LANGSUNG/INDIRECT TAX","Cukai Jualan/Sales Tax","1972",115
"CUKAI TAK LANGSUNG/INDIRECT TAX","Cukai Perkhidmatan/Service Tax","1972",0
"CUKAI TAK LANGSUNG/INDIRECT TAX","Cukai Barang dan Perkhidmatan/Goods and Services Tax","1972",0
"CUKAI TAK LANGSUNG/INDIRECT TAX","Lain-lain/Others","1972",85
"Hasil Bukan Cukai/Non Tax Revenue","Dividen PETRONAS/PETRONAS Dividen","1972",0
"Hasil Bukan Cukai/Non Tax Revenue","Royalti Petroleum & Gas/Petroleum Royalty & Gas","1972",23
"Hasil Bukan Cukai/Non Tax Revenue","Lesen Kenderaan Bermotor dan Cukai Jalan/Motor Vehicle Licence and Roadtax","1972",194
"Hasil Bukan Cukai/Non Tax Revenue","Dividen Bank Negara/Bank Negara Dividen","1972",0
"Hasil Bukan Cukai/Non Tax Revenue","Lain-lain/Others","1972",475
"Penerimaan Bukan Hasil/Non-Revenue"," Terimaan Bukan  Hasil/Non-Revenue Receipts","1972",38
"Penerimaan Bukan Hasil/Non-Revenue"," Hasil Wilayah Persekutuan","1972",0
"Penerimaan Bukan Hasil/Non-Revenue"," Revenue from Federal Territories","1972",0
"CUKAI LANGSUNG/DIRECT TAX","Perseorangan/Individuals","1973",585
"CUKAI LANGSUNG/DIRECT TAX","Syarikat-syarikat/Companies","1973",218
"CUKAI LANGSUNG/DIRECT TAX","Petroleum/Petroleum","1973",0
"CUKAI LANGSUNG/DIRECT TAX","Pegangan dan lain-lain/Withholding and others","1973",0
"CUKAI LANGSUNG/DIRECT TAX","Duti Harta Pusaka/Estate Duty","1973",0
"CUKAI LANGSUNG/DIRECT TAX","Duti Setem/Stamp Duty","1973",48
"CUKAI LANGSUNG/DIRECT TAX","RPGT/Real Property Gains Tax","1973",0
"CUKAI LANGSUNG/DIRECT TAX","Lain-lain/Others","1973",29
"CUKAI TAK LANGSUNG/INDIRECT TAX","Duti Eksport/Export Duties","1973",437
"CUKAI TAK LANGSUNG/INDIRECT TAX","Duti Import dan Cukai Tokok","1973",746
"CUKAI TAK LANGSUNG/INDIRECT TAX","Import Duties and Surtax","1973",0
"CUKAI TAK LANGSUNG/INDIRECT TAX","Duti Eksais/Excise Duties","1973",407
"CUKAI TAK LANGSUNG/INDIRECT TAX","Cukai Jualan/Sales Tax","1973",220
"CUKAI TAK LANGSUNG/INDIRECT TAX","Cukai Perkhidmatan/Service Tax","1973",0
"CUKAI TAK LANGSUNG/INDIRECT TAX","Cukai Barang dan Perkhidmatan/Goods and Services Tax","1973",0
"CUKAI TAK LANGSUNG/INDIRECT TAX","Lain-lain/Others","1973",90
"Hasil Bukan Cukai/Non Tax Revenue","Dividen PETRONAS/PETRONAS Dividen","1973",0
"Hasil Bukan Cukai/Non Tax Revenue","Royalti Petroleum & Gas/Petroleum Royalty & Gas","1973",25
"Hasil Bukan Cukai/Non Tax Revenue","Lesen Kenderaan Bermotor dan Cukai Jalan/Motor Vehicle Licence and Roadtax","1973",224
"Hasil Bukan Cukai/Non Tax Revenue","Dividen Bank Negara/Bank Negara Dividen","1973",0
"Hasil Bukan Cukai/Non Tax Revenue","Lain-lain/Others","1973",298
"Penerimaan Bukan Hasil/Non-Revenue"," Terimaan Bukan  Hasil/Non-Revenue Receipts","1973",45
"Penerimaan Bukan Hasil/Non-Revenue"," Hasil Wilayah Persekutuan","1973",0
"Penerimaan Bukan Hasil/Non-Revenue"," Revenue from Federal Territories","1973",0
"CUKAI LANGSUNG/DIRECT TAX","Perseorangan/Individuals","1974",800
"CUKAI LANGSUNG/DIRECT TAX","Syarikat-syarikat/Companies","1974",355
"CUKAI LANGSUNG/DIRECT TAX","Petroleum/Petroleum","1974",144
"CUKAI LANGSUNG/DIRECT TAX","Pegangan dan lain-lain/Withholding and others","1974",0
"CUKAI LANGSUNG/DIRECT TAX","Duti Harta Pusaka/Estate Duty","1974",0
"CUKAI LANGSUNG/DIRECT TAX","Duti Setem/Stamp Duty","1974",45
"CUKAI LANGSUNG/DIRECT TAX","RPGT/Real Property Gains Tax","1974",0
"CUKAI LANGSUNG/DIRECT TAX","Lain-lain/Others","1974",39
"CUKAI TAK LANGSUNG/INDIRECT TAX","Duti Eksport/Export Duties","1974",943
"CUKAI TAK LANGSUNG/INDIRECT TAX","Duti Import dan Cukai Tokok","1974",893
"CUKAI TAK LANGSUNG/INDIRECT TAX","Import Duties and Surtax","1974",0
"CUKAI TAK LANGSUNG/INDIRECT TAX","Duti Eksais/Excise Duties","1974",443
"CUKAI TAK LANGSUNG/INDIRECT TAX","Cukai Jualan/Sales Tax","1974",297
"CUKAI TAK LANGSUNG/INDIRECT TAX","Cukai Perkhidmatan/Service Tax","1974",0
"CUKAI TAK LANGSUNG/INDIRECT TAX","Cukai Barang dan Perkhidmatan/Goods and Services Tax","1974",0
"CUKAI TAK LANGSUNG/INDIRECT TAX","Lain-lain/Others","1974",95
"Hasil Bukan Cukai/Non Tax Revenue","Dividen PETRONAS/PETRONAS Dividen","1974",0
"Hasil Bukan Cukai/Non Tax Revenue","Royalti Petroleum & Gas/Petroleum Royalty & Gas","1974",46
"Hasil Bukan Cukai/Non Tax Revenue","Lesen Kenderaan Bermotor dan Cukai Jalan/Motor Vehicle Licence and Roadtax","1974",212
"Hasil Bukan Cukai/Non Tax Revenue","Dividen Bank Negara/Bank Negara Dividen","1974",10
"Hasil Bukan Cukai/Non Tax Revenue","Lain-lain/Others","1974",411
"Penerimaan Bukan Hasil/Non-Revenue"," Terimaan Bukan  Hasil/Non-Revenue Receipts","1974",41
"Penerimaan Bukan Hasil/Non-Revenue"," Hasil Wilayah Persekutuan","1974",17
"Penerimaan Bukan Hasil/Non-Revenue"," Revenue from Federal Territories","1974",0
"CUKAI LANGSUNG/DIRECT TAX","Perseorangan/Individuals","1975",1164
"CUKAI LANGSUNG/DIRECT TAX","Syarikat-syarikat/Companies","1975",438
"CUKAI LANGSUNG/DIRECT TAX","Petroleum/Petroleum","1975",322
"CUKAI LANGSUNG/DIRECT TAX","Pegangan dan lain-lain/Withholding and others","1975",0
"CUKAI LANGSUNG/DIRECT TAX","Duti Harta Pusaka/Estate Duty","1975",0
"CUKAI LANGSUNG/DIRECT TAX","Duti Setem/Stamp Duty","1975",47
"CUKAI LANGSUNG/DIRECT TAX","RPGT/Real Property Gains Tax","1975",0
"CUKAI LANGSUNG/DIRECT TAX","Lain-lain/Others","1975",19
"CUKAI TAK LANGSUNG/INDIRECT TAX","Duti Eksport/Export Duties","1975",625
"CUKAI TAK LANGSUNG/INDIRECT TAX","Duti Import dan Cukai Tokok","1975",801
"CUKAI TAK LANGSUNG/INDIRECT TAX","Import Duties and Surtax","1975",0
"CUKAI TAK LANGSUNG/INDIRECT TAX","Duti Eksais/Excise Duties","1975",450
"CUKAI TAK LANGSUNG/INDIRECT TAX","Cukai Jualan/Sales Tax","1975",272
"CUKAI TAK LANGSUNG/INDIRECT TAX","Cukai Perkhidmatan/Service Tax","1975",8
"CUKAI TAK LANGSUNG/INDIRECT TAX","Cukai Barang dan Perkhidmatan/Goods and Services Tax","1975",0
"CUKAI TAK LANGSUNG/INDIRECT TAX","Lain-lain/Others","1975",111
"Hasil Bukan Cukai/Non Tax Revenue","Dividen PETRONAS/PETRONAS Dividen","1975",0
"Hasil Bukan Cukai/Non Tax Revenue","Royalti Petroleum & Gas/Petroleum Royalty & Gas","1975",78
"Hasil Bukan Cukai/Non Tax Revenue","Lesen Kenderaan Bermotor dan Cukai Jalan/Motor Vehicle Licence and Roadtax","1975",241
"Hasil Bukan Cukai/Non Tax Revenue","Dividen Bank Negara/Bank Negara Dividen","1975",50
"Hasil Bukan Cukai/Non Tax Revenue","Lain-lain/Others","1975",427
"Penerimaan Bukan Hasil/Non-Revenue"," Terimaan Bukan  Hasil/Non-Revenue Receipts","1975",46
"Penerimaan Bukan Hasil/Non-Revenue"," Hasil Wilayah Persekutuan","1975",18
"Penerimaan Bukan Hasil/Non-Revenue"," Revenue from Federal Territories","1975",0
"CUKAI LANGSUNG/DIRECT TAX","Perseorangan/Individuals","1976",1163
"CUKAI LANGSUNG/DIRECT TAX","Syarikat-syarikat/Companies","1976",574
"CUKAI LANGSUNG/DIRECT TAX","Petroleum/Petroleum","1976",322
"CUKAI LANGSUNG/DIRECT TAX","Pegangan dan lain-lain/Withholding and others","1976",0
"CUKAI LANGSUNG/DIRECT TAX","Duti Harta Pusaka/Estate Duty","1976",0
"CUKAI LANGSUNG/DIRECT TAX","Duti Setem/Stamp Duty","1976",56
"CUKAI LANGSUNG/DIRECT TAX","RPGT/Real Property Gains Tax","1976",0
"CUKAI LANGSUNG/DIRECT TAX","Lain-lain/Others","1976",23
"CUKAI TAK LANGSUNG/INDIRECT TAX","Duti Eksport/Export Duties","1976",1010
"CUKAI TAK LANGSUNG/INDIRECT TAX","Duti Import dan Cukai Tokok","1976",978
"CUKAI TAK LANGSUNG/INDIRECT TAX","Import Duties and Surtax","1976",0
"CUKAI TAK LANGSUNG/INDIRECT TAX","Duti Eksais/Excise Duties","1976",550
"CUKAI TAK LANGSUNG/INDIRECT TAX","Cukai Jualan/Sales Tax","1976",323
"CUKAI TAK LANGSUNG/INDIRECT TAX","Cukai Perkhidmatan/Service Tax","1976",12
"CUKAI TAK LANGSUNG/INDIRECT TAX","Cukai Barang dan Perkhidmatan/Goods and Services Tax","1976",0
"CUKAI TAK LANGSUNG/INDIRECT TAX","Lain-lain/Others","1976",133
"Hasil Bukan Cukai/Non Tax Revenue","Dividen PETRONAS/PETRONAS Dividen","1976",0
"Hasil Bukan Cukai/Non Tax Revenue","Royalti Petroleum & Gas/Petroleum Royalty & Gas","1976",84
"Hasil Bukan Cukai/Non Tax Revenue","Lesen Kenderaan Bermotor dan Cukai Jalan/Motor Vehicle Licence and Roadtax","1976",262
"Hasil Bukan Cukai/Non Tax Revenue","Dividen Bank Negara/Bank Negara Dividen","1976",80
"Hasil Bukan Cukai/Non Tax Revenue","Lain-lain/Others","1976",475
"Penerimaan Bukan Hasil/Non-Revenue"," Terimaan Bukan  Hasil/Non-Revenue Receipts","1976",80
"Penerimaan Bukan Hasil/Non-Revenue"," Hasil Wilayah Persekutuan","1976",31
"Penerimaan Bukan Hasil/Non-Revenue"," Revenue from Federal Territories","1976",0
"CUKAI LANGSUNG/DIRECT TAX","Perseorangan/Individuals","1977",1336
"CUKAI LANGSUNG/DIRECT TAX","Syarikat-syarikat/Companies","1977",679
"CUKAI LANGSUNG/DIRECT TAX","Petroleum/Petroleum","1977",776
"CUKAI LANGSUNG/DIRECT TAX","Pegangan dan lain-lain/Withholding and others","1977",0
"CUKAI LANGSUNG/DIRECT TAX","Duti Harta Pusaka/Estate Duty","1977",0
"CUKAI LANGSUNG/DIRECT TAX","Duti Setem/Stamp Duty","1977",65
"CUKAI LANGSUNG/DIRECT TAX","RPGT/Real Property Gains Tax","1977",0
"CUKAI LANGSUNG/DIRECT TAX","Lain-lain/Others","1977",45
"CUKAI TAK LANGSUNG/INDIRECT TAX","Duti Eksport/Export Duties","1977",1390
"CUKAI TAK LANGSUNG/INDIRECT TAX","Duti Import dan Cukai Tokok","1977",1140
"CUKAI TAK LANGSUNG/INDIRECT TAX","Import Duties and Surtax","1977",0
"CUKAI TAK LANGSUNG/INDIRECT TAX","Duti Eksais/Excise Duties","1977",695
"CUKAI TAK LANGSUNG/INDIRECT TAX","Cukai Jualan/Sales Tax","1977",383
"CUKAI TAK LANGSUNG/INDIRECT TAX","Cukai Perkhidmatan/Service Tax","1977",16
"CUKAI TAK LANGSUNG/INDIRECT TAX","Cukai Barang dan Perkhidmatan/Goods and Services Tax","1977",0
"CUKAI TAK LANGSUNG/INDIRECT TAX","Lain-lain/Others","1977",137
"Hasil Bukan Cukai/Non Tax Revenue","Dividen PETRONAS/PETRONAS Dividen","1977",0
"Hasil Bukan Cukai/Non Tax Revenue","Royalti Petroleum & Gas/Petroleum Royalty & Gas","1977",111
"Hasil Bukan Cukai/Non Tax Revenue","Lesen Kenderaan Bermotor dan Cukai Jalan/Motor Vehicle Licence and Roadtax","1977",298
"Hasil Bukan Cukai/Non Tax Revenue","Dividen Bank Negara/Bank Negara Dividen","1977",90
"Hasil Bukan Cukai/Non Tax Revenue","Lain-lain/Others","1977",490
"Penerimaan Bukan Hasil/Non-Revenue"," Terimaan Bukan  Hasil/Non-Revenue Receipts","1977",73
"Penerimaan Bukan Hasil/Non-Revenue"," Hasil Wilayah Persekutuan","1977",36
"Penerimaan Bukan Hasil/Non-Revenue"," Revenue from Federal Territories","1977",0
"CUKAI LANGSUNG/DIRECT TAX","Perseorangan/Individuals","1978",1624
"CUKAI LANGSUNG/DIRECT TAX","Syarikat-syarikat/Companies","1978",771
"CUKAI LANGSUNG/DIRECT TAX","Petroleum/Petroleum","1978",771
"CUKAI LANGSUNG/DIRECT TAX","Pegangan dan lain-lain/Withholding and others","1978",1
"CUKAI LANGSUNG/DIRECT TAX","Duti Harta Pusaka/Estate Duty","1978",0
"CUKAI LANGSUNG/DIRECT TAX","Duti Setem/Stamp Duty","1978",93
"CUKAI LANGSUNG/DIRECT TAX","RPGT/Real Property Gains Tax","1978",0
"CUKAI LANGSUNG/DIRECT TAX","Lain-lain/Others","1978",40
"CUKAI TAK LANGSUNG/INDIRECT TAX","Duti Eksport/Export Duties","1978",1463
"CUKAI TAK LANGSUNG/INDIRECT TAX","Duti Import dan Cukai Tokok","1978",1325
"CUKAI TAK LANGSUNG/INDIRECT TAX","Import Duties and Surtax","1978",0
"CUKAI TAK LANGSUNG/INDIRECT TAX","Duti Eksais/Excise Duties","1978",849
"CUKAI TAK LANGSUNG/INDIRECT TAX","Cukai Jualan/Sales Tax","1978",458
"CUKAI TAK LANGSUNG/INDIRECT TAX","Cukai Perkhidmatan/Service Tax","1978",18
"CUKAI TAK LANGSUNG/INDIRECT TAX","Cukai Barang dan Perkhidmatan/Goods and Services Tax","1978",0
"CUKAI TAK LANGSUNG/INDIRECT TAX","Lain-lain/Others","1978",153
"Hasil Bukan Cukai/Non Tax Revenue","Dividen PETRONAS/PETRONAS Dividen","1978",0
"Hasil Bukan Cukai/Non Tax Revenue","Royalti Petroleum & Gas/Petroleum Royalty & Gas","1978",116
"Hasil Bukan Cukai/Non Tax Revenue","Lesen Kenderaan Bermotor dan Cukai Jalan/Motor Vehicle Licence and Roadtax","1978",325
"Hasil Bukan Cukai/Non Tax Revenue","Dividen Bank Negara/Bank Negara Dividen","1978",120
"Hasil Bukan Cukai/Non Tax Revenue","Lain-lain/Others","1978",557
"Penerimaan Bukan Hasil/Non-Revenue"," Terimaan Bukan  Hasil/Non-Revenue Receipts","1978",112
"Penerimaan Bukan Hasil/Non-Revenue"," Hasil Wilayah Persekutuan","1978",44
"Penerimaan Bukan Hasil/Non-Revenue"," Revenue from Federal Territories","1978",0
"CUKAI LANGSUNG/DIRECT TAX","Perseorangan/Individuals","1979",1804
"CUKAI LANGSUNG/DIRECT TAX","Syarikat-syarikat/Companies","1979",1041
"CUKAI LANGSUNG/DIRECT TAX","Petroleum/Petroleum","1979",829
"CUKAI LANGSUNG/DIRECT TAX","Pegangan dan lain-lain/Withholding and others","1979",0
"CUKAI LANGSUNG/DIRECT TAX","Duti Harta Pusaka/Estate Duty","1979",0
"CUKAI LANGSUNG/DIRECT TAX","Duti Setem/Stamp Duty","1979",119
"CUKAI LANGSUNG/DIRECT TAX","RPGT/Real Property Gains Tax","1979",0
"CUKAI LANGSUNG/DIRECT TAX","Lain-lain/Others","1979",42
"CUKAI TAK LANGSUNG/INDIRECT TAX","Duti Eksport/Export Duties","1979",1939
"CUKAI TAK LANGSUNG/INDIRECT TAX","Duti Import dan Cukai Tokok","1979",1513
"CUKAI TAK LANGSUNG/INDIRECT TAX","Import Duties and Surtax","1979",0
"CUKAI TAK LANGSUNG/INDIRECT TAX","Duti Eksais/Excise Duties","1979",957
"CUKAI TAK LANGSUNG/INDIRECT TAX","Cukai Jualan/Sales Tax","1979",544
"CUKAI TAK LANGSUNG/INDIRECT TAX","Cukai Perkhidmatan/Service Tax","1979",22
"CUKAI TAK LANGSUNG/INDIRECT TAX","Cukai Barang dan Perkhidmatan/Goods and Services Tax","1979",0
"CUKAI TAK LANGSUNG/INDIRECT TAX","Lain-lain/Others","1979",187
"Hasil Bukan Cukai/Non Tax Revenue","Dividen PETRONAS/PETRONAS Dividen","1979",0
"Hasil Bukan Cukai/Non Tax Revenue","Royalti Petroleum & Gas/Petroleum Royalty & Gas","1979",166
"Hasil Bukan Cukai/Non Tax Revenue","Lesen Kenderaan Bermotor dan Cukai Jalan/Motor Vehicle Licence and Roadtax","1979",346
"Hasil Bukan Cukai/Non Tax Revenue","Dividen Bank Negara/Bank Negara Dividen","1979",150
"Hasil Bukan Cukai/Non Tax Revenue","Lain-lain/Others","1979",665
"Penerimaan Bukan Hasil/Non-Revenue"," Terimaan Bukan  Hasil/Non-Revenue Receipts","1979",124
"Penerimaan Bukan Hasil/Non-Revenue"," Hasil Wilayah Persekutuan","1979",57
"Penerimaan Bukan Hasil/Non-Revenue"," Revenue from Federal Territories","1979",0
"CUKAI LANGSUNG/DIRECT TAX","Perseorangan/Individuals","1980",2530
"CUKAI LANGSUNG/DIRECT TAX","Syarikat-syarikat/Companies","1980",983
"CUKAI LANGSUNG/DIRECT TAX","Petroleum/Petroleum","1980",1736
"CUKAI LANGSUNG/DIRECT TAX","Pegangan dan lain-lain/Withholding and others","1980",0
"CUKAI LANGSUNG/DIRECT TAX","Duti Harta Pusaka/Estate Duty","1980",0
"CUKAI LANGSUNG/DIRECT TAX","Duti Setem/Stamp Duty","1980",182
"CUKAI LANGSUNG/DIRECT TAX","RPGT/Real Property Gains Tax","1980",0
"CUKAI LANGSUNG/DIRECT TAX","Lain-lain/Others","1980",64
"CUKAI TAK LANGSUNG/INDIRECT TAX","Duti Eksport/Export Duties","1980",2567
"CUKAI TAK LANGSUNG/INDIRECT TAX","Duti Import dan Cukai Tokok","1980",2060
"CUKAI TAK LANGSUNG/INDIRECT TAX","Import Duties and Surtax","1980",0
"CUKAI TAK LANGSUNG/INDIRECT TAX","Duti Eksais/Excise Duties","1980",973
"CUKAI TAK LANGSUNG/INDIRECT TAX","Cukai Jualan/Sales Tax","1980",696
"CUKAI TAK LANGSUNG/INDIRECT TAX","Cukai Perkhidmatan/Service Tax","1980",26
"CUKAI TAK LANGSUNG/INDIRECT TAX","Cukai Barang dan Perkhidmatan/Goods and Services Tax","1980",0
"CUKAI TAK LANGSUNG/INDIRECT TAX","Lain-lain/Others","1980",243
"Hasil Bukan Cukai/Non Tax Revenue","Dividen PETRONAS/PETRONAS Dividen","1980",0
"Hasil Bukan Cukai/Non Tax Revenue","Royalti Petroleum & Gas/Petroleum Royalty & Gas","1980",345
"Hasil Bukan Cukai/Non Tax Revenue","Lesen Kenderaan Bermotor dan Cukai Jalan/Motor Vehicle Licence and Roadtax","1980",390
"Hasil Bukan Cukai/Non Tax Revenue","Dividen Bank Negara/Bank Negara Dividen","1980",0
"Hasil Bukan Cukai/Non Tax Revenue","Lain-lain/Others","1980",940
"Penerimaan Bukan Hasil/Non-Revenue"," Terimaan Bukan  Hasil/Non-Revenue Receipts","1980",0
"Penerimaan Bukan Hasil/Non-Revenue"," Hasil Wilayah Persekutuan","1980",0
"Penerimaan Bukan Hasil/Non-Revenue"," Revenue from Federal Territories","1980",0
"CUKAI LANGSUNG/DIRECT TAX","Perseorangan/Individuals","1981",2754
"CUKAI LANGSUNG/DIRECT TAX","Syarikat-syarikat/Companies","1981",1087
"CUKAI LANGSUNG/DIRECT TAX","Petroleum/Petroleum","1981",1978
"CUKAI LANGSUNG/DIRECT TAX","Pegangan dan lain-lain/Withholding and others","1981",0
"CUKAI LANGSUNG/DIRECT TAX","Duti Harta Pusaka/Estate Duty","1981",0
"CUKAI LANGSUNG/DIRECT TAX","Duti Setem/Stamp Duty","1981",207
"CUKAI LANGSUNG/DIRECT TAX","RPGT/Real Property Gains Tax","1981",0
"CUKAI LANGSUNG/DIRECT TAX","Lain-lain/Others","1981",86
"CUKAI TAK LANGSUNG/INDIRECT TAX","Duti Eksport/Export Duties","1981",2225
"CUKAI TAK LANGSUNG/INDIRECT TAX","Duti Import dan Cukai Tokok","1981",2246
"CUKAI TAK LANGSUNG/INDIRECT TAX","Import Duties and Surtax","1981",0
"CUKAI TAK LANGSUNG/INDIRECT TAX","Duti Eksais/Excise Duties","1981",967
"CUKAI TAK LANGSUNG/INDIRECT TAX","Cukai Jualan/Sales Tax","1981",730
"CUKAI TAK LANGSUNG/INDIRECT TAX","Cukai Perkhidmatan/Service Tax","1981",34
"CUKAI TAK LANGSUNG/INDIRECT TAX","Cukai Barang dan Perkhidmatan/Goods and Services Tax","1981",0
"CUKAI TAK LANGSUNG/INDIRECT TAX","Lain-lain/Others","1981",280
"Hasil Bukan Cukai/Non Tax Revenue","Dividen PETRONAS/PETRONAS Dividen","1981",950
"Hasil Bukan Cukai/Non Tax Revenue","Royalti Petroleum & Gas/Petroleum Royalty & Gas","1981",417
"Hasil Bukan Cukai/Non Tax Revenue","Lesen Kenderaan Bermotor dan Cukai Jalan/Motor Vehicle Licence and Roadtax","1981",408
"Hasil Bukan Cukai/Non Tax Revenue","Dividen Bank Negara/Bank Negara Dividen","1981",0
"Hasil Bukan Cukai/Non Tax Revenue","Lain-lain/Others","1981",1080
"Penerimaan Bukan Hasil/Non-Revenue"," Terimaan Bukan  Hasil/Non-Revenue Receipts","1981",0
"Penerimaan Bukan Hasil/Non-Revenue"," Hasil Wilayah Persekutuan","1981",0
"Penerimaan Bukan Hasil/Non-Revenue"," Revenue from Federal Territories","1981",0
"CUKAI LANGSUNG/DIRECT TAX","Perseorangan/Individuals","1982",2619
"CUKAI LANGSUNG/DIRECT TAX","Syarikat-syarikat/Companies","1982",1360
"CUKAI LANGSUNG/DIRECT TAX","Petroleum/Petroleum","1982",2075
"CUKAI LANGSUNG/DIRECT TAX","Pegangan dan lain-lain/Withholding and others","1982",0
"CUKAI LANGSUNG/DIRECT TAX","Duti Harta Pusaka/Estate Duty","1982",0
"CUKAI LANGSUNG/DIRECT TAX","Duti Setem/Stamp Duty","1982",248
"CUKAI LANGSUNG/DIRECT TAX","RPGT/Real Property Gains Tax","1982",0
"CUKAI LANGSUNG/DIRECT TAX","Lain-lain/Others","1982",96
"CUKAI TAK LANGSUNG/INDIRECT TAX","Duti Eksport/Export Duties","1982",1720
"CUKAI TAK LANGSUNG/INDIRECT TAX","Duti Import dan Cukai Tokok","1982",2315
"CUKAI TAK LANGSUNG/INDIRECT TAX","Import Duties and Surtax","1982",0
"CUKAI TAK LANGSUNG/INDIRECT TAX","Duti Eksais/Excise Duties","1982",1024
"CUKAI TAK LANGSUNG/INDIRECT TAX","Cukai Jualan/Sales Tax","1982",788
"CUKAI TAK LANGSUNG/INDIRECT TAX","Cukai Perkhidmatan/Service Tax","1982",42
"CUKAI TAK LANGSUNG/INDIRECT TAX","Cukai Barang dan Perkhidmatan/Goods and Services Tax","1982",0
"CUKAI TAK LANGSUNG/INDIRECT TAX","Lain-lain/Others","1982",303
"Hasil Bukan Cukai/Non Tax Revenue","Dividen PETRONAS/PETRONAS Dividen","1982",1450
"Hasil Bukan Cukai/Non Tax Revenue","Royalti Petroleum & Gas/Petroleum Royalty & Gas","1982",425
"Hasil Bukan Cukai/Non Tax Revenue","Lesen Kenderaan Bermotor dan Cukai Jalan/Motor Vehicle Licence and Roadtax","1982",460
"Hasil Bukan Cukai/Non Tax Revenue","Dividen Bank Negara/Bank Negara Dividen","1982",0
"Hasil Bukan Cukai/Non Tax Revenue","Lain-lain/Others","1982",1194
"Penerimaan Bukan Hasil/Non-Revenue"," Terimaan Bukan  Hasil/Non-Revenue Receipts","1982",0
"Penerimaan Bukan Hasil/Non-Revenue"," Hasil Wilayah Persekutuan","1982",0
"Penerimaan Bukan Hasil/Non-Revenue"," Revenue from Federal Territories","1982",0
"CUKAI LANGSUNG/DIRECT TAX","Perseorangan/Individuals","1983",3450
"CUKAI LANGSUNG/DIRECT TAX","Syarikat-syarikat/Companies","1983",1814
"CUKAI LANGSUNG/DIRECT TAX","Petroleum/Petroleum","1983",1998
"CUKAI LANGSUNG/DIRECT TAX","Pegangan dan lain-lain/Withholding and others","1983",4
"CUKAI LANGSUNG/DIRECT TAX","Duti Harta Pusaka/Estate Duty","1983",0
"CUKAI LANGSUNG/DIRECT TAX","Duti Setem/Stamp Duty","1983",338
"CUKAI LANGSUNG/DIRECT TAX","RPGT/Real Property Gains Tax","1983",0
"CUKAI LANGSUNG/DIRECT TAX","Lain-lain/Others","1983",108
"CUKAI TAK LANGSUNG/INDIRECT TAX","Duti Eksport/Export Duties","1983",1892
"CUKAI TAK LANGSUNG/INDIRECT TAX","Duti Import dan Cukai Tokok","1983",2591
"CUKAI TAK LANGSUNG/INDIRECT TAX","Import Duties and Surtax","1983",0
"CUKAI TAK LANGSUNG/INDIRECT TAX","Duti Eksais/Excise Duties","1983",1361
"CUKAI TAK LANGSUNG/INDIRECT TAX","Cukai Jualan/Sales Tax","1983",1284
"CUKAI TAK LANGSUNG/INDIRECT TAX","Cukai Perkhidmatan/Service Tax","1983",108
"CUKAI TAK LANGSUNG/INDIRECT TAX","Cukai Barang dan Perkhidmatan/Goods and Services Tax","1983",0
"CUKAI TAK LANGSUNG/INDIRECT TAX","Lain-lain/Others","1983",315
"Hasil Bukan Cukai/Non Tax Revenue","Dividen PETRONAS/PETRONAS Dividen","1983",500
"Hasil Bukan Cukai/Non Tax Revenue","Royalti Petroleum & Gas/Petroleum Royalty & Gas","1983",491
"Hasil Bukan Cukai/Non Tax Revenue","Lesen Kenderaan Bermotor dan Cukai Jalan/Motor Vehicle Licence and Roadtax","1983",545
"Hasil Bukan Cukai/Non Tax Revenue","Dividen Bank Negara/Bank Negara Dividen","1983",220
"Hasil Bukan Cukai/Non Tax Revenue","Lain-lain/Others","1983",1256
"Penerimaan Bukan Hasil/Non-Revenue"," Terimaan Bukan  Hasil/Non-Revenue Receipts","1983",278
"Penerimaan Bukan Hasil/Non-Revenue"," Hasil Wilayah Persekutuan","1983",58
"Penerimaan Bukan Hasil/Non-Revenue"," Revenue from Federal Territories","1983",0
"CUKAI LANGSUNG/DIRECT TAX","Perseorangan/Individuals","1984",3432
"CUKAI LANGSUNG/DIRECT TAX","Syarikat-syarikat/Companies","1984",1975
"CUKAI LANGSUNG/DIRECT TAX","Petroleum/Petroleum","1984",2570
"CUKAI LANGSUNG/DIRECT TAX","Pegangan dan lain-lain/Withholding and others","1984",4
"CUKAI LANGSUNG/DIRECT TAX","Duti Harta Pusaka/Estate Duty","1984",0
"CUKAI LANGSUNG/DIRECT TAX","Duti Setem/Stamp Duty","1984",371
"CUKAI LANGSUNG/DIRECT TAX","RPGT/Real Property Gains Tax","1984",0
"CUKAI LANGSUNG/DIRECT TAX","Lain-lain/Others","1984",93
"CUKAI TAK LANGSUNG/INDIRECT TAX","Duti Eksport/Export Duties","1984",2090
"CUKAI TAK LANGSUNG/INDIRECT TAX","Duti Import dan Cukai Tokok","1984",2697
"CUKAI TAK LANGSUNG/INDIRECT TAX","Import Duties and Surtax","1984",0
"CUKAI TAK LANGSUNG/INDIRECT TAX","Duti Eksais/Excise Duties","1984",1459
"CUKAI TAK LANGSUNG/INDIRECT TAX","Cukai Jualan/Sales Tax","1984",1319
"CUKAI TAK LANGSUNG/INDIRECT TAX","Cukai Perkhidmatan/Service Tax","1984",114
"CUKAI TAK LANGSUNG/INDIRECT TAX","Cukai Barang dan Perkhidmatan/Goods and Services Tax","1984",0
"CUKAI TAK LANGSUNG/INDIRECT TAX","Lain-lain/Others","1984",350
"Hasil Bukan Cukai/Non Tax Revenue","Dividen PETRONAS/PETRONAS Dividen","1984",930
"Hasil Bukan Cukai/Non Tax Revenue","Royalti Petroleum & Gas/Petroleum Royalty & Gas","1984",581
"Hasil Bukan Cukai/Non Tax Revenue","Lesen Kenderaan Bermotor dan Cukai Jalan/Motor Vehicle Licence and Roadtax","1984",593
"Hasil Bukan Cukai/Non Tax Revenue","Dividen Bank Negara/Bank Negara Dividen","1984",220
"Hasil Bukan Cukai/Non Tax Revenue","Lain-lain/Others","1984",1466
"Penerimaan Bukan Hasil/Non-Revenue"," Terimaan Bukan  Hasil/Non-Revenue Receipts","1984",461
"Penerimaan Bukan Hasil/Non-Revenue"," Hasil Wilayah Persekutuan","1984",80
"Penerimaan Bukan Hasil/Non-Revenue"," Revenue from Federal Territories","1984",0
"CUKAI LANGSUNG/DIRECT TAX","Perseorangan/Individuals","1985",3920
"CUKAI LANGSUNG/DIRECT TAX","Syarikat-syarikat/Companies","1985",1749
"CUKAI LANGSUNG/DIRECT TAX","Petroleum/Petroleum","1985",3130
"CUKAI LANGSUNG/DIRECT TAX","Pegangan dan lain-lain/Withholding and others","1985",9
"CUKAI LANGSUNG/DIRECT TAX","Duti Harta Pusaka/Estate Duty","1985",0
"CUKAI LANGSUNG/DIRECT TAX","Duti Setem/Stamp Duty","1985",340
"CUKAI LANGSUNG/DIRECT TAX","RPGT/Real Property Gains Tax","1985",0
"CUKAI LANGSUNG/DIRECT TAX","Lain-lain/Others","1985",111
"CUKAI TAK LANGSUNG/INDIRECT TAX","Duti Eksport/Export Duties","1985",1839
"CUKAI TAK LANGSUNG/INDIRECT TAX","Duti Import dan Cukai Tokok","1985",2518
"CUKAI TAK LANGSUNG/INDIRECT TAX","Import Duties and Surtax","1985",0
"CUKAI TAK LANGSUNG/INDIRECT TAX","Duti Eksais/Excise Duties","1985",1376
"CUKAI TAK LANGSUNG/INDIRECT TAX","Cukai Jualan/Sales Tax","1985",1234
"CUKAI TAK LANGSUNG/INDIRECT TAX","Cukai Perkhidmatan/Service Tax","1985",107
"CUKAI TAK LANGSUNG/INDIRECT TAX","Cukai Barang dan Perkhidmatan/Goods and Services Tax","1985",0
"CUKAI TAK LANGSUNG/INDIRECT TAX","Lain-lain/Others","1985",367
"Hasil Bukan Cukai/Non Tax Revenue","Dividen PETRONAS/PETRONAS Dividen","1985",930
"Hasil Bukan Cukai/Non Tax Revenue","Royalti Petroleum & Gas/Petroleum Royalty & Gas","1985",619
"Hasil Bukan Cukai/Non Tax Revenue","Lesen Kenderaan Bermotor dan Cukai Jalan/Motor Vehicle Licence and Roadtax","1985",614
"Hasil Bukan Cukai/Non Tax Revenue","Dividen Bank Negara/Bank Negara Dividen","1985",250
"Hasil Bukan Cukai/Non Tax Revenue","Lain-lain/Others","1985",1563
"Penerimaan Bukan Hasil/Non-Revenue"," Terimaan Bukan  Hasil/Non-Revenue Receipts","1985",348
"Penerimaan Bukan Hasil/Non-Revenue"," Hasil Wilayah Persekutuan","1985",91
"Penerimaan Bukan Hasil/Non-Revenue"," Revenue from Federal Territories","1985",0
"CUKAI LANGSUNG/DIRECT TAX","Perseorangan/Individuals","1986",3446
"CUKAI LANGSUNG/DIRECT TAX","Syarikat-syarikat/Companies","1986",1761
"CUKAI LANGSUNG/DIRECT TAX","Petroleum/Petroleum","1986",3072
"CUKAI LANGSUNG/DIRECT TAX","Pegangan dan lain-lain/Withholding and others","1986",10
"CUKAI LANGSUNG/DIRECT TAX","Duti Harta Pusaka/Estate Duty","1986",0
"CUKAI LANGSUNG/DIRECT TAX","Duti Setem/Stamp Duty","1986",246
"CUKAI LANGSUNG/DIRECT TAX","RPGT/Real Property Gains Tax","1986",0
"CUKAI LANGSUNG/DIRECT TAX","Lain-lain/Others","1986",119
"CUKAI TAK LANGSUNG/INDIRECT TAX","Duti Eksport/Export Duties","1986",1141
"CUKAI TAK LANGSUNG/INDIRECT TAX","Duti Import dan Cukai Tokok","1986",2066
"CUKAI TAK LANGSUNG/INDIRECT TAX","Import Duties and Surtax","1986",0
"CUKAI TAK LANGSUNG/INDIRECT TAX","Duti Eksais/Excise Duties","1986",1410
"CUKAI TAK LANGSUNG/INDIRECT TAX","Cukai Jualan/Sales Tax","1986",992
"CUKAI TAK LANGSUNG/INDIRECT TAX","Cukai Perkhidmatan/Service Tax","1986",60
"CUKAI TAK LANGSUNG/INDIRECT TAX","Cukai Barang dan Perkhidmatan/Goods and Services Tax","1986",0
"CUKAI TAK LANGSUNG/INDIRECT TAX","Lain-lain/Others","1986",360
"Hasil Bukan Cukai/Non Tax Revenue","Dividen PETRONAS/PETRONAS Dividen","1986",1000
"Hasil Bukan Cukai/Non Tax Revenue","Royalti Petroleum & Gas/Petroleum Royalty & Gas","1986",549
"Hasil Bukan Cukai/Non Tax Revenue","Lesen Kenderaan Bermotor dan Cukai Jalan/Motor Vehicle Licence and Roadtax","1986",614
"Hasil Bukan Cukai/Non Tax Revenue","Dividen Bank Negara/Bank Negara Dividen","1986",270
"Hasil Bukan Cukai/Non Tax Revenue","Lain-lain/Others","1986",1922
"Penerimaan Bukan Hasil/Non-Revenue"," Terimaan Bukan  Hasil/Non-Revenue Receipts","1986",402
"Penerimaan Bukan Hasil/Non-Revenue"," Hasil Wilayah Persekutuan","1986",78
"Penerimaan Bukan Hasil/Non-Revenue"," Revenue from Federal Territories","1986",0
"CUKAI LANGSUNG/DIRECT TAX","Perseorangan/Individuals","1987",2783
"CUKAI LANGSUNG/DIRECT TAX","Syarikat-syarikat/Companies","1987",1812
"CUKAI LANGSUNG/DIRECT TAX","Petroleum/Petroleum","1987",1533
"CUKAI LANGSUNG/DIRECT TAX","Pegangan dan lain-lain/Withholding and others","1987",2
"CUKAI LANGSUNG/DIRECT TAX","Duti Harta Pusaka/Estate Duty","1987",0
"CUKAI LANGSUNG/DIRECT TAX","Duti Setem/Stamp Duty","1987",257
"CUKAI LANGSUNG/DIRECT TAX","RPGT/Real Property Gains Tax","1987",0
"CUKAI LANGSUNG/DIRECT TAX","Lain-lain/Others","1987",81
"CUKAI TAK LANGSUNG/INDIRECT TAX","Duti Eksport/Export Duties","1987",1267
"CUKAI TAK LANGSUNG/INDIRECT TAX","Duti Import dan Cukai Tokok","1987",1934
"CUKAI TAK LANGSUNG/INDIRECT TAX","Import Duties and Surtax","1987",0
"CUKAI TAK LANGSUNG/INDIRECT TAX","Duti Eksais/Excise Duties","1987",1310
"CUKAI TAK LANGSUNG/INDIRECT TAX","Cukai Jualan/Sales Tax","1987",1090
"CUKAI TAK LANGSUNG/INDIRECT TAX","Cukai Perkhidmatan/Service Tax","1987",63
"CUKAI TAK LANGSUNG/INDIRECT TAX","Cukai Barang dan Perkhidmatan/Goods and Services Tax","1987",0
"CUKAI TAK LANGSUNG/INDIRECT TAX","Lain-lain/Others","1987",342
"Hasil Bukan Cukai/Non Tax Revenue","Dividen PETRONAS/PETRONAS Dividen","1987",2000
"Hasil Bukan Cukai/Non Tax Revenue","Royalti Petroleum & Gas/Petroleum Royalty & Gas","1987",410
"Hasil Bukan Cukai/Non Tax Revenue","Lesen Kenderaan Bermotor dan Cukai Jalan/Motor Vehicle Licence and Roadtax","1987",641
"Hasil Bukan Cukai/Non Tax Revenue","Dividen Bank Negara/Bank Negara Dividen","1987",300
"Hasil Bukan Cukai/Non Tax Revenue","Lain-lain/Others","1987",1783
"Penerimaan Bukan Hasil/Non-Revenue"," Terimaan Bukan  Hasil/Non-Revenue Receipts","1987",460
"Penerimaan Bukan Hasil/Non-Revenue"," Hasil Wilayah Persekutuan","1987",75
"Penerimaan Bukan Hasil/Non-Revenue"," Revenue from Federal Territories","1987",0
"CUKAI LANGSUNG/DIRECT TAX","Perseorangan/Individuals","1988",3146
"CUKAI LANGSUNG/DIRECT TAX","Syarikat-syarikat/Companies","1988",1779
"CUKAI LANGSUNG/DIRECT TAX","Petroleum/Petroleum","1988",2208
"CUKAI LANGSUNG/DIRECT TAX","Pegangan dan lain-lain/Withholding and others","1988",3
"CUKAI LANGSUNG/DIRECT TAX","Duti Harta Pusaka/Estate Duty","1988",0
"CUKAI LANGSUNG/DIRECT TAX","Duti Setem/Stamp Duty","1988",278
"CUKAI LANGSUNG/DIRECT TAX","RPGT/Real Property Gains Tax","1988",0
"CUKAI LANGSUNG/DIRECT TAX","Lain-lain/Others","1988",95
"CUKAI TAK LANGSUNG/INDIRECT TAX","Duti Eksport/Export Duties","1988",1395
"CUKAI TAK LANGSUNG/INDIRECT TAX","Duti Import dan Cukai Tokok","1988",2406
"CUKAI TAK LANGSUNG/INDIRECT TAX","Import Duties and Surtax","1988",0
"CUKAI TAK LANGSUNG/INDIRECT TAX","Duti Eksais/Excise Duties","1988",1536
"CUKAI TAK LANGSUNG/INDIRECT TAX","Cukai Jualan/Sales Tax","1988",1456
"CUKAI TAK LANGSUNG/INDIRECT TAX","Cukai Perkhidmatan/Service Tax","1988",73
"CUKAI TAK LANGSUNG/INDIRECT TAX","Cukai Barang dan Perkhidmatan/Goods and Services Tax","1988",0
"CUKAI TAK LANGSUNG/INDIRECT TAX","Lain-lain/Others","1988",333
"Hasil Bukan Cukai/Non Tax Revenue","Dividen PETRONAS/PETRONAS Dividen","1988",2000
"Hasil Bukan Cukai/Non Tax Revenue","Royalti Petroleum & Gas/Petroleum Royalty & Gas","1988",499
"Hasil Bukan Cukai/Non Tax Revenue","Lesen Kenderaan Bermotor dan Cukai Jalan/Motor Vehicle Licence and Roadtax","1988",680
"Hasil Bukan Cukai/Non Tax Revenue","Dividen Bank Negara/Bank Negara Dividen","1988",500
"Hasil Bukan Cukai/Non Tax Revenue","Lain-lain/Others","1988",2944
"Penerimaan Bukan Hasil/Non-Revenue"," Terimaan Bukan  Hasil/Non-Revenue Receipts","1988",544
"Penerimaan Bukan Hasil/Non-Revenue"," Hasil Wilayah Persekutuan","1988",92
"Penerimaan Bukan Hasil/Non-Revenue"," Revenue from Federal Territories","1988",0
"CUKAI LANGSUNG/DIRECT TAX","Perseorangan/Individuals","1989",3402
"CUKAI LANGSUNG/DIRECT TAX","Syarikat-syarikat/Companies","1989",2043
"CUKAI LANGSUNG/DIRECT TAX","Petroleum/Petroleum","1989",1847
"CUKAI LANGSUNG/DIRECT TAX","Pegangan dan lain-lain/Withholding and others","1989",3
"CUKAI LANGSUNG/DIRECT TAX","Duti Harta Pusaka/Estate Duty","1989",0
"CUKAI LANGSUNG/DIRECT TAX","Duti Setem/Stamp Duty","1989",421
"CUKAI LANGSUNG/DIRECT TAX","RPGT/Real Property Gains Tax","1989",0
"CUKAI LANGSUNG/DIRECT TAX","Lain-lain/Others","1989",77
"CUKAI TAK LANGSUNG/INDIRECT TAX","Duti Eksport/Export Duties","1989",1588
"CUKAI TAK LANGSUNG/INDIRECT TAX","Duti Import dan Cukai Tokok","1989",2899
"CUKAI TAK LANGSUNG/INDIRECT TAX","Import Duties and Surtax","1989",0
"CUKAI TAK LANGSUNG/INDIRECT TAX","Duti Eksais/Excise Duties","1989",1932
"CUKAI TAK LANGSUNG/INDIRECT TAX","Cukai Jualan/Sales Tax","1989",1912
"CUKAI TAK LANGSUNG/INDIRECT TAX","Cukai Perkhidmatan/Service Tax","1989",94
"CUKAI TAK LANGSUNG/INDIRECT TAX","Cukai Barang dan Perkhidmatan/Goods and Services Tax","1989",0
"CUKAI TAK LANGSUNG/INDIRECT TAX","Lain-lain/Others","1989",456
"Hasil Bukan Cukai/Non Tax Revenue","Dividen PETRONAS/PETRONAS Dividen","1989",2300
"Hasil Bukan Cukai/Non Tax Revenue","Royalti Petroleum & Gas/Petroleum Royalty & Gas","1989",509
"Hasil Bukan Cukai/Non Tax Revenue","Lesen Kenderaan Bermotor dan Cukai Jalan/Motor Vehicle Licence and Roadtax","1989",742
"Hasil Bukan Cukai/Non Tax Revenue","Dividen Bank Negara/Bank Negara Dividen","1989",800
"Hasil Bukan Cukai/Non Tax Revenue","Lain-lain/Others","1989",3146
"Penerimaan Bukan Hasil/Non-Revenue"," Terimaan Bukan  Hasil/Non-Revenue Receipts","1989",1017
"Penerimaan Bukan Hasil/Non-Revenue"," Hasil Wilayah Persekutuan","1989",85
"Penerimaan Bukan Hasil/Non-Revenue"," Revenue from Federal Territories","1989",0
"CUKAI LANGSUNG/DIRECT TAX","Perseorangan/Individuals","1990",4497
"CUKAI LANGSUNG/DIRECT TAX","Syarikat-syarikat/Companies","1990",2506
"CUKAI LANGSUNG/DIRECT TAX","Petroleum/Petroleum","1990",2644
"CUKAI LANGSUNG/DIRECT TAX","Pegangan dan lain-lain/Withholding and others","1990",3
"CUKAI LANGSUNG/DIRECT TAX","Duti Harta Pusaka/Estate Duty","1990",0
"CUKAI LANGSUNG/DIRECT TAX","Duti Setem/Stamp Duty","1990",645
"CUKAI LANGSUNG/DIRECT TAX","RPGT/Real Property Gains Tax","1990",0
"CUKAI LANGSUNG/DIRECT TAX","Lain-lain/Others","1990",107
"CUKAI TAK LANGSUNG/INDIRECT TAX","Duti Eksport/Export Duties","1990",1970
"CUKAI TAK LANGSUNG/INDIRECT TAX","Duti Import dan Cukai Tokok","1990",3420
"CUKAI TAK LANGSUNG/INDIRECT TAX","Import Duties and Surtax","1990",0
"CUKAI TAK LANGSUNG/INDIRECT TAX","Duti Eksais/Excise Duties","1990",2266
"CUKAI TAK LANGSUNG/INDIRECT TAX","Cukai Jualan/Sales Tax","1990",2442
"CUKAI TAK LANGSUNG/INDIRECT TAX","Cukai Perkhidmatan/Service Tax","1990",121
"CUKAI TAK LANGSUNG/INDIRECT TAX","Cukai Barang dan Perkhidmatan/Goods and Services Tax","1990",0
"CUKAI TAK LANGSUNG/INDIRECT TAX","Lain-lain/Others","1990",623
"Hasil Bukan Cukai/Non Tax Revenue","Dividen PETRONAS/PETRONAS Dividen","1990",2300
"Hasil Bukan Cukai/Non Tax Revenue","Royalti Petroleum & Gas/Petroleum Royalty & Gas","1990",627
"Hasil Bukan Cukai/Non Tax Revenue","Lesen Kenderaan Bermotor dan Cukai Jalan/Motor Vehicle Licence and Roadtax","1990",821
"Hasil Bukan Cukai/Non Tax Revenue","Dividen Bank Negara/Bank Negara Dividen","1990",800
"Hasil Bukan Cukai/Non Tax Revenue","Lain-lain/Others","1990",2398
"Penerimaan Bukan Hasil/Non-Revenue"," Terimaan Bukan  Hasil/Non-Revenue Receipts","1990",1193
"Penerimaan Bukan Hasil/Non-Revenue"," Hasil Wilayah Persekutuan","1990",138
"Penerimaan Bukan Hasil/Non-Revenue"," Revenue from Federal Territories","1990",0
"CUKAI LANGSUNG/DIRECT TAX","Perseorangan/Individuals","1991",5352
"CUKAI LANGSUNG/DIRECT TAX","Syarikat-syarikat/Companies","1991",2989
"CUKAI LANGSUNG/DIRECT TAX","Petroleum/Petroleum","1991",4052
"CUKAI LANGSUNG/DIRECT TAX","Pegangan dan lain-lain/Withholding and others","1991",4
"CUKAI LANGSUNG/DIRECT TAX","Duti Harta Pusaka/Estate Duty","1991",0
"CUKAI LANGSUNG/DIRECT TAX","Duti Setem/Stamp Duty","1991",720
"CUKAI LANGSUNG/DIRECT TAX","RPGT/Real Property Gains Tax","1991",0
"CUKAI LANGSUNG/DIRECT TAX","Lain-lain/Others","1991",134
"CUKAI TAK LANGSUNG/INDIRECT TAX","Duti Eksport/Export Duties","1991",2029
"CUKAI TAK LANGSUNG/INDIRECT TAX","Duti Import dan Cukai Tokok","1991",4107
"CUKAI TAK LANGSUNG/INDIRECT TAX","Import Duties and Surtax","1991",0
"CUKAI TAK LANGSUNG/INDIRECT TAX","Duti Eksais/Excise Duties","1991",2849
"CUKAI TAK LANGSUNG/INDIRECT TAX","Cukai Jualan/Sales Tax","1991",2763
"CUKAI TAK LANGSUNG/INDIRECT TAX","Cukai Perkhidmatan/Service Tax","1991",134
"CUKAI TAK LANGSUNG/INDIRECT TAX","Cukai Barang dan Perkhidmatan/Goods and Services Tax","1991",0
"CUKAI TAK LANGSUNG/INDIRECT TAX","Lain-lain/Others","1991",698
"Hasil Bukan Cukai/Non Tax Revenue","Dividen PETRONAS/PETRONAS Dividen","1991",2600
"Hasil Bukan Cukai/Non Tax Revenue","Royalti Petroleum & Gas/Petroleum Royalty & Gas","1991",875
"Hasil Bukan Cukai/Non Tax Revenue","Lesen Kenderaan Bermotor dan Cukai Jalan/Motor Vehicle Licence and Roadtax","1991",942
"Hasil Bukan Cukai/Non Tax Revenue","Dividen Bank Negara/Bank Negara Dividen","1991",800
"Hasil Bukan Cukai/Non Tax Revenue","Lain-lain/Others","1991",2238
"Penerimaan Bukan Hasil/Non-Revenue"," Terimaan Bukan  Hasil/Non-Revenue Receipts","1991",603
"Penerimaan Bukan Hasil/Non-Revenue"," Hasil Wilayah Persekutuan","1991",164
"Penerimaan Bukan Hasil/Non-Revenue"," Revenue from Federal Territories","1991",0
"CUKAI LANGSUNG/DIRECT TAX","Perseorangan/Individuals","1992",7524
"CUKAI LANGSUNG/DIRECT TAX","Syarikat-syarikat/Companies","1992",3441
"CUKAI LANGSUNG/DIRECT TAX","Petroleum/Petroleum","1992",3417
"CUKAI LANGSUNG/DIRECT TAX","Pegangan dan lain-lain/Withholding and others","1992",4
"CUKAI LANGSUNG/DIRECT TAX","Duti Harta Pusaka/Estate Duty","1992",0
"CUKAI LANGSUNG/DIRECT TAX","Duti Setem/Stamp Duty","1992",770
"CUKAI LANGSUNG/DIRECT TAX","RPGT/Real Property Gains Tax","1992",0
"CUKAI LANGSUNG/DIRECT TAX","Lain-lain/Others","1992",247
"CUKAI TAK LANGSUNG/INDIRECT TAX","Duti Eksport/Export Duties","1992",1689
"CUKAI TAK LANGSUNG/INDIRECT TAX","Duti Import dan Cukai Tokok","1992",4383
"CUKAI TAK LANGSUNG/INDIRECT TAX","Import Duties and Surtax","1992",0
"CUKAI TAK LANGSUNG/INDIRECT TAX","Duti Eksais/Excise Duties","1992",3062
"CUKAI TAK LANGSUNG/INDIRECT TAX","Cukai Jualan/Sales Tax","1992",3082
"CUKAI TAK LANGSUNG/INDIRECT TAX","Cukai Perkhidmatan/Service Tax","1992",322
"CUKAI TAK LANGSUNG/INDIRECT TAX","Cukai Barang dan Perkhidmatan/Goods and Services Tax","1992",0
"CUKAI TAK LANGSUNG/INDIRECT TAX","Lain-lain/Others","1992",831
"Hasil Bukan Cukai/Non Tax Revenue","Dividen PETRONAS/PETRONAS Dividen","1992",3100
"Hasil Bukan Cukai/Non Tax Revenue","Royalti Petroleum & Gas/Petroleum Royalty & Gas","1992",774
"Hasil Bukan Cukai/Non Tax Revenue","Lesen Kenderaan Bermotor dan Cukai Jalan/Motor Vehicle Licence and Roadtax","1992",1026
"Hasil Bukan Cukai/Non Tax Revenue","Dividen Bank Negara/Bank Negara Dividen","1992",1000
"Hasil Bukan Cukai/Non Tax Revenue","Lain-lain/Others","1992",3703
"Penerimaan Bukan Hasil/Non-Revenue"," Terimaan Bukan  Hasil/Non-Revenue Receipts","1992",493
"Penerimaan Bukan Hasil/Non-Revenue"," Hasil Wilayah Persekutuan","1992",382
"Penerimaan Bukan Hasil/Non-Revenue"," Revenue from Federal Territories","1992",0
"CUKAI LANGSUNG/DIRECT TAX","Perseorangan/Individuals","1993",8551
"CUKAI LANGSUNG/DIRECT TAX","Syarikat-syarikat/Companies","1993",4248
"CUKAI LANGSUNG/DIRECT TAX","Petroleum/Petroleum","1993",2859
"CUKAI LANGSUNG/DIRECT TAX","Pegangan dan lain-lain/Withholding and others","1993",3
"CUKAI LANGSUNG/DIRECT TAX","Duti Harta Pusaka/Estate Duty","1993",0
"CUKAI LANGSUNG/DIRECT TAX","Duti Setem/Stamp Duty","1993",1215
"CUKAI LANGSUNG/DIRECT TAX","RPGT/Real Property Gains Tax","1993",0
"CUKAI LANGSUNG/DIRECT TAX","Lain-lain/Others","1993",194
"CUKAI TAK LANGSUNG/INDIRECT TAX","Duti Eksport/Export Duties","1993",1464
"CUKAI TAK LANGSUNG/INDIRECT TAX","Duti Import dan Cukai Tokok","1993",4566
"CUKAI TAK LANGSUNG/INDIRECT TAX","Import Duties and Surtax","1993",0
"CUKAI TAK LANGSUNG/INDIRECT TAX","Duti Eksais/Excise Duties","1993",3713
"CUKAI TAK LANGSUNG/INDIRECT TAX","Cukai Jualan/Sales Tax","1993",3468
"CUKAI TAK LANGSUNG/INDIRECT TAX","Cukai Perkhidmatan/Service Tax","1993",613
"CUKAI TAK LANGSUNG/INDIRECT TAX","Cukai Barang dan Perkhidmatan/Goods and Services Tax","1993",0
"CUKAI TAK LANGSUNG/INDIRECT TAX","Lain-lain/Others","1993",1006
"Hasil Bukan Cukai/Non Tax Revenue","Dividen PETRONAS/PETRONAS Dividen","1993",3100
"Hasil Bukan Cukai/Non Tax Revenue","Royalti Petroleum & Gas/Petroleum Royalty & Gas","1993",741
"Hasil Bukan Cukai/Non Tax Revenue","Lesen Kenderaan Bermotor dan Cukai Jalan/Motor Vehicle Licence and Roadtax","1993",1108
"Hasil Bukan Cukai/Non Tax Revenue","Dividen Bank Negara/Bank Negara Dividen","1993",500
"Hasil Bukan Cukai/Non Tax Revenue","Lain-lain/Others","1993",3825
"Penerimaan Bukan Hasil/Non-Revenue"," Terimaan Bukan  Hasil/Non-Revenue Receipts","1993",517
"Penerimaan Bukan Hasil/Non-Revenue"," Hasil Wilayah Persekutuan","1993",0
"Penerimaan Bukan Hasil/Non-Revenue"," Revenue from Federal Territories","1993",0
"CUKAI LANGSUNG/DIRECT TAX","Perseorangan/Individuals","1994",10562
"CUKAI LANGSUNG/DIRECT TAX","Syarikat-syarikat/Companies","1994",4567
"CUKAI LANGSUNG/DIRECT TAX","Petroleum/Petroleum","1994",2211
"CUKAI LANGSUNG/DIRECT TAX","Pegangan dan lain-lain/Withholding and others","1994",69
"CUKAI LANGSUNG/DIRECT TAX","Duti Harta Pusaka/Estate Duty","1994",0
"CUKAI LANGSUNG/DIRECT TAX","Duti Setem/Stamp Duty","1994",2515
"CUKAI LANGSUNG/DIRECT TAX","RPGT/Real Property Gains Tax","1994",0
"CUKAI LANGSUNG/DIRECT TAX","Lain-lain/Others","1994",236
"CUKAI TAK LANGSUNG/INDIRECT TAX","Duti Eksport/Export Duties","1994",1158
"CUKAI TAK LANGSUNG/INDIRECT TAX","Duti Import dan Cukai Tokok","1994",5615
"CUKAI TAK LANGSUNG/INDIRECT TAX","Import Duties and Surtax","1994",0
"CUKAI TAK LANGSUNG/INDIRECT TAX","Duti Eksais/Excise Duties","1994",4297
"CUKAI TAK LANGSUNG/INDIRECT TAX","Cukai Jualan/Sales Tax","1994",4131
"CUKAI TAK LANGSUNG/INDIRECT TAX","Cukai Perkhidmatan/Service Tax","1994",825
"CUKAI TAK LANGSUNG/INDIRECT TAX","Cukai Barang dan Perkhidmatan/Goods and Services Tax","1994",0
"CUKAI TAK LANGSUNG/INDIRECT TAX","Lain-lain/Others","1994",1301
"Hasil Bukan Cukai/Non Tax Revenue","Dividen PETRONAS/PETRONAS Dividen","1994",3100
"Hasil Bukan Cukai/Non Tax Revenue","Royalti Petroleum & Gas/Petroleum Royalty & Gas","1994",626
"Hasil Bukan Cukai/Non Tax Revenue","Lesen Kenderaan Bermotor dan Cukai Jalan/Motor Vehicle Licence and Roadtax","1994",1255
"Hasil Bukan Cukai/Non Tax Revenue","Dividen Bank Negara/Bank Negara Dividen","1994",0
"Hasil Bukan Cukai/Non Tax Revenue","Lain-lain/Others","1994",6357
"Penerimaan Bukan Hasil/Non-Revenue"," Terimaan Bukan  Hasil/Non-Revenue Receipts","1994",394
"Penerimaan Bukan Hasil/Non-Revenue"," Hasil Wilayah Persekutuan","1994",227
"Penerimaan Bukan Hasil/Non-Revenue"," Revenue from Federal Territories","1994",0
"CUKAI LANGSUNG/DIRECT TAX","Perseorangan/Individuals","1995",11706
"CUKAI LANGSUNG/DIRECT TAX","Syarikat-syarikat/Companies","1995",6203
"CUKAI LANGSUNG/DIRECT TAX","Petroleum/Petroleum","1995",2185
"CUKAI LANGSUNG/DIRECT TAX","Pegangan dan lain-lain/Withholding and others","1995",89
"CUKAI LANGSUNG/DIRECT TAX","Duti Harta Pusaka/Estate Duty","1995",0
"CUKAI LANGSUNG/DIRECT TAX","Duti Setem/Stamp Duty","1995",2192
"CUKAI LANGSUNG/DIRECT TAX","RPGT/Real Property Gains Tax","1995",0
"CUKAI LANGSUNG/DIRECT TAX","Lain-lain/Others","1995",324
"CUKAI TAK LANGSUNG/INDIRECT TAX","Duti Eksport/Export Duties","1995",853
"CUKAI TAK LANGSUNG/INDIRECT TAX","Duti Import dan Cukai Tokok","1995",5622
"CUKAI TAK LANGSUNG/INDIRECT TAX","Import Duties and Surtax","1995",0
"CUKAI TAK LANGSUNG/INDIRECT TAX","Duti Eksais/Excise Duties","1995",5280
"CUKAI TAK LANGSUNG/INDIRECT TAX","Cukai Jualan/Sales Tax","1995",4869
"CUKAI TAK LANGSUNG/INDIRECT TAX","Cukai Perkhidmatan/Service Tax","1995",1016
"CUKAI TAK LANGSUNG/INDIRECT TAX","Cukai Barang dan Perkhidmatan/Goods and Services Tax","1995",0
"CUKAI TAK LANGSUNG/INDIRECT TAX","Lain-lain/Others","1995",1332
"Hasil Bukan Cukai/Non Tax Revenue","Dividen PETRONAS/PETRONAS Dividen","1995",3100
"Hasil Bukan Cukai/Non Tax Revenue","Royalti Petroleum & Gas/Petroleum Royalty & Gas","1995",710
"Hasil Bukan Cukai/Non Tax Revenue","Lesen Kenderaan Bermotor dan Cukai Jalan/Motor Vehicle Licence and Roadtax","1995",1415
"Hasil Bukan Cukai/Non Tax Revenue","Dividen Bank Negara/Bank Negara Dividen","1995",0
"Hasil Bukan Cukai/Non Tax Revenue","Lain-lain/Others","1995",3243
"Penerimaan Bukan Hasil/Non-Revenue"," Terimaan Bukan  Hasil/Non-Revenue Receipts","1995",559
"Penerimaan Bukan Hasil/Non-Revenue"," Hasil Wilayah Persekutuan","1995",256
"Penerimaan Bukan Hasil/Non-Revenue"," Revenue from Federal Territories","1995",0
"CUKAI LANGSUNG/DIRECT TAX","Perseorangan/Individuals","1996",14166
"CUKAI LANGSUNG/DIRECT TAX","Syarikat-syarikat/Companies","1996",6172
"CUKAI LANGSUNG/DIRECT TAX","Petroleum/Petroleum","1996",2203
"CUKAI LANGSUNG/DIRECT TAX","Pegangan dan lain-lain/Withholding and others","1996",120
"CUKAI LANGSUNG/DIRECT TAX","Duti Harta Pusaka/Estate Duty","1996",0
"CUKAI LANGSUNG/DIRECT TAX","Duti Setem/Stamp Duty","1996",2708
"CUKAI LANGSUNG/DIRECT TAX","RPGT/Real Property Gains Tax","1996",0
"CUKAI LANGSUNG/DIRECT TAX","Lain-lain/Others","1996",482
"CUKAI TAK LANGSUNG/INDIRECT TAX","Duti Eksport/Export Duties","1996",1041
"CUKAI TAK LANGSUNG/INDIRECT TAX","Duti Import dan Cukai Tokok","1996",6132
"CUKAI TAK LANGSUNG/INDIRECT TAX","Import Duties and Surtax","1996",0
"CUKAI TAK LANGSUNG/INDIRECT TAX","Duti Eksais/Excise Duties","1996",5790
"CUKAI TAK LANGSUNG/INDIRECT TAX","Cukai Jualan/Sales Tax","1996",5473
"CUKAI TAK LANGSUNG/INDIRECT TAX","Cukai Perkhidmatan/Service Tax","1996",1231
"CUKAI TAK LANGSUNG/INDIRECT TAX","Cukai Barang dan Perkhidmatan/Goods and Services Tax","1996",0
"CUKAI TAK LANGSUNG/INDIRECT TAX","Lain-lain/Others","1996",1754
"Hasil Bukan Cukai/Non Tax Revenue","Dividen PETRONAS/PETRONAS Dividen","1996",3100
"Hasil Bukan Cukai/Non Tax Revenue","Royalti Petroleum & Gas/Petroleum Royalty & Gas","1996",848
"Hasil Bukan Cukai/Non Tax Revenue","Lesen Kenderaan Bermotor dan Cukai Jalan/Motor Vehicle Licence and Roadtax","1996",1586
"Hasil Bukan Cukai/Non Tax Revenue","Dividen Bank Negara/Bank Negara Dividen","1996",0
"Hasil Bukan Cukai/Non Tax Revenue","Lain-lain/Others","1996",4796
"Penerimaan Bukan Hasil/Non-Revenue"," Terimaan Bukan  Hasil/Non-Revenue Receipts","1996",432
"Penerimaan Bukan Hasil/Non-Revenue"," Hasil Wilayah Persekutuan","1996",246
"Penerimaan Bukan Hasil/Non-Revenue"," Revenue from Federal Territories","1996",0
"CUKAI LANGSUNG/DIRECT TAX","Perseorangan/Individuals","1997",16688
"CUKAI LANGSUNG/DIRECT TAX","Syarikat-syarikat/Companies","1997",6429
"CUKAI LANGSUNG/DIRECT TAX","Petroleum/Petroleum","1997",3861
"CUKAI LANGSUNG/DIRECT TAX","Pegangan dan lain-lain/Withholding and others","1997",143
"CUKAI LANGSUNG/DIRECT TAX","Duti Harta Pusaka/Estate Duty","1997",0
"CUKAI LANGSUNG/DIRECT TAX","Duti Setem/Stamp Duty","1997",2714
"CUKAI LANGSUNG/DIRECT TAX","RPGT/Real Property Gains Tax","1997",0
"CUKAI LANGSUNG/DIRECT TAX","Lain-lain/Others","1997",597
"CUKAI TAK LANGSUNG/INDIRECT TAX","Duti Eksport/Export Duties","1997",1054
"CUKAI TAK LANGSUNG/INDIRECT TAX","Duti Import dan Cukai Tokok","1997",6524
"CUKAI TAK LANGSUNG/INDIRECT TAX","Import Duties and Surtax","1997",0
"CUKAI TAK LANGSUNG/INDIRECT TAX","Duti Eksais/Excise Duties","1997",6053
"CUKAI TAK LANGSUNG/INDIRECT TAX","Cukai Jualan/Sales Tax","1997",6167
"CUKAI TAK LANGSUNG/INDIRECT TAX","Cukai Perkhidmatan/Service Tax","1997",1475
"CUKAI TAK LANGSUNG/INDIRECT TAX","Cukai Barang dan Perkhidmatan/Goods and Services Tax","1997",0
"CUKAI TAK LANGSUNG/INDIRECT TAX","Lain-lain/Others","1997",1922
"Hasil Bukan Cukai/Non Tax Revenue","Dividen PETRONAS/PETRONAS Dividen","1997",3100
"Hasil Bukan Cukai/Non Tax Revenue","Royalti Petroleum & Gas/Petroleum Royalty & Gas","1997",991
"Hasil Bukan Cukai/Non Tax Revenue","Lesen Kenderaan Bermotor dan Cukai Jalan/Motor Vehicle Licence and Roadtax","1997",1852
"Hasil Bukan Cukai/Non Tax Revenue","Dividen Bank Negara/Bank Negara Dividen","1997",0
"Hasil Bukan Cukai/Non Tax Revenue","Lain-lain/Others","1997",5478
"Penerimaan Bukan Hasil/Non-Revenue"," Terimaan Bukan  Hasil/Non-Revenue Receipts","1997",405
"Penerimaan Bukan Hasil/Non-Revenue"," Hasil Wilayah Persekutuan","1997",283
"Penerimaan Bukan Hasil/Non-Revenue"," Revenue from Federal Territories","1997",0
"CUKAI LANGSUNG/DIRECT TAX","Perseorangan/Individuals","1998",17294
"CUKAI LANGSUNG/DIRECT TAX","Syarikat-syarikat/Companies","1998",6900
"CUKAI LANGSUNG/DIRECT TAX","Petroleum/Petroleum","1998",4046
"CUKAI LANGSUNG/DIRECT TAX","Pegangan dan lain-lain/Withholding and others","1998",129
"CUKAI LANGSUNG/DIRECT TAX","Duti Harta Pusaka/Estate Duty","1998",0
"CUKAI LANGSUNG/DIRECT TAX","Duti Setem/Stamp Duty","1998",1190
"CUKAI LANGSUNG/DIRECT TAX","RPGT/Real Property Gains Tax","1998",0
"CUKAI LANGSUNG/DIRECT TAX","Lain-lain/Others","1998",456
"CUKAI TAK LANGSUNG/INDIRECT TAX","Duti Eksport/Export Duties","1998",623
"CUKAI TAK LANGSUNG/INDIRECT TAX","Duti Import dan Cukai Tokok","1998",3868
"CUKAI TAK LANGSUNG/INDIRECT TAX","Import Duties and Surtax","1998",0
"CUKAI TAK LANGSUNG/INDIRECT TAX","Duti Eksais/Excise Duties","1998",3586
"CUKAI TAK LANGSUNG/INDIRECT TAX","Cukai Jualan/Sales Tax","1998",3845
"CUKAI TAK LANGSUNG/INDIRECT TAX","Cukai Perkhidmatan/Service Tax","1998",1447
"CUKAI TAK LANGSUNG/INDIRECT TAX","Cukai Barang dan Perkhidmatan/Goods and Services Tax","1998",0
"CUKAI TAK LANGSUNG/INDIRECT TAX","Lain-lain/Others","1998",1952
"Hasil Bukan Cukai/Non Tax Revenue","Dividen PETRONAS/PETRONAS Dividen","1998",3100
"Hasil Bukan Cukai/Non Tax Revenue","Royalti Petroleum & Gas/Petroleum Royalty & Gas","1998",1102
"Hasil Bukan Cukai/Non Tax Revenue","Lesen Kenderaan Bermotor dan Cukai Jalan/Motor Vehicle Licence and Roadtax","1998",1771
"Hasil Bukan Cukai/Non Tax Revenue","Dividen Bank Negara/Bank Negara Dividen","1998",0
"Hasil Bukan Cukai/Non Tax Revenue","Lain-lain/Others","1998",4910
"Penerimaan Bukan Hasil/Non-Revenue"," Terimaan Bukan  Hasil/Non-Revenue Receipts","1998",359
"Penerimaan Bukan Hasil/Non-Revenue"," Hasil Wilayah Persekutuan","1998",132
"Penerimaan Bukan Hasil/Non-Revenue"," Revenue from Federal Territories","1998",0
"CUKAI LANGSUNG/DIRECT TAX","Perseorangan/Individuals","1999",15742
"CUKAI LANGSUNG/DIRECT TAX","Syarikat-syarikat/Companies","1999",6419
"CUKAI LANGSUNG/DIRECT TAX","Petroleum/Petroleum","1999",2856
"CUKAI LANGSUNG/DIRECT TAX","Pegangan dan lain-lain/Withholding and others","1999",142
"CUKAI LANGSUNG/DIRECT TAX","Duti Harta Pusaka/Estate Duty","1999",0
"CUKAI LANGSUNG/DIRECT TAX","Duti Setem/Stamp Duty","1999",1566
"CUKAI LANGSUNG/DIRECT TAX","RPGT/Real Property Gains Tax","1999",0
"CUKAI LANGSUNG/DIRECT TAX","Lain-lain/Others","1999",521
"CUKAI TAK LANGSUNG/INDIRECT TAX","Duti Eksport/Export Duties","1999",670
"CUKAI TAK LANGSUNG/INDIRECT TAX","Duti Import dan Cukai Tokok","1999",4720
"CUKAI TAK LANGSUNG/INDIRECT TAX","Import Duties and Surtax","1999",0
"CUKAI TAK LANGSUNG/INDIRECT TAX","Duti Eksais/Excise Duties","1999",4723
"CUKAI TAK LANGSUNG/INDIRECT TAX","Cukai Jualan/Sales Tax","1999",4488
"CUKAI TAK LANGSUNG/INDIRECT TAX","Cukai Perkhidmatan/Service Tax","1999",1459
"CUKAI TAK LANGSUNG/INDIRECT TAX","Cukai Barang dan Perkhidmatan/Goods and Services Tax","1999",0
"CUKAI TAK LANGSUNG/INDIRECT TAX","Lain-lain/Others","1999",2040
"Hasil Bukan Cukai/Non Tax Revenue","Dividen PETRONAS/PETRONAS Dividen","1999",4100
"Hasil Bukan Cukai/Non Tax Revenue","Royalti Petroleum & Gas/Petroleum Royalty & Gas","1999",974
"Hasil Bukan Cukai/Non Tax Revenue","Lesen Kenderaan Bermotor dan Cukai Jalan/Motor Vehicle Licence and Roadtax","1999",1819
"Hasil Bukan Cukai/Non Tax Revenue","Dividen Bank Negara/Bank Negara Dividen","1999",1000
"Hasil Bukan Cukai/Non Tax Revenue","Lain-lain/Others","1999",4781
"Penerimaan Bukan Hasil/Non-Revenue"," Terimaan Bukan  Hasil/Non-Revenue Receipts","1999",490
"Penerimaan Bukan Hasil/Non-Revenue"," Hasil Wilayah Persekutuan","1999",165
"Penerimaan Bukan Hasil/Non-Revenue"," Revenue from Federal Territories","1999",0
"CUKAI LANGSUNG/DIRECT TAX","Perseorangan/Individuals","2000",13905
"CUKAI LANGSUNG/DIRECT TAX","Syarikat-syarikat/Companies","2000",7015
"CUKAI LANGSUNG/DIRECT TAX","Petroleum/Petroleum","2000",6010
"CUKAI LANGSUNG/DIRECT TAX","Pegangan dan lain-lain/Withholding and others","2000",87
"CUKAI LANGSUNG/DIRECT TAX","Duti Harta Pusaka/Estate Duty","2000",0
"CUKAI LANGSUNG/DIRECT TAX","Duti Setem/Stamp Duty","2000",1799
"CUKAI LANGSUNG/DIRECT TAX","RPGT/Real Property Gains Tax","2000",0
"CUKAI LANGSUNG/DIRECT TAX","Lain-lain/Others","2000",340
"CUKAI TAK LANGSUNG/INDIRECT TAX","Duti Eksport/Export Duties","2000",1032
"CUKAI TAK LANGSUNG/INDIRECT TAX","Duti Import dan Cukai Tokok","2000",3599
"CUKAI TAK LANGSUNG/INDIRECT TAX","Import Duties and Surtax","2000",0
"CUKAI TAK LANGSUNG/INDIRECT TAX","Duti Eksais/Excise Duties","2000",3803
"CUKAI TAK LANGSUNG/INDIRECT TAX","Cukai Jualan/Sales Tax","2000",5968
"CUKAI TAK LANGSUNG/INDIRECT TAX","Cukai Perkhidmatan/Service Tax","2000",1701
"CUKAI TAK LANGSUNG/INDIRECT TAX","Cukai Barang dan Perkhidmatan/Goods and Services Tax","2000",0
"CUKAI TAK LANGSUNG/INDIRECT TAX","Lain-lain/Others","2000",1914
"Hasil Bukan Cukai/Non Tax Revenue","Dividen PETRONAS/PETRONAS Dividen","2000",4100
"Hasil Bukan Cukai/Non Tax Revenue","Royalti Petroleum & Gas/Petroleum Royalty & Gas","2000",1763
"Hasil Bukan Cukai/Non Tax Revenue","Lesen Kenderaan Bermotor dan Cukai Jalan/Motor Vehicle Licence and Roadtax","2000",1909
"Hasil Bukan Cukai/Non Tax Revenue","Dividen Bank Negara/Bank Negara Dividen","2000",1000
"Hasil Bukan Cukai/Non Tax Revenue","Lain-lain/Others","2000",5321
"Penerimaan Bukan Hasil/Non-Revenue"," Terimaan Bukan  Hasil/Non-Revenue Receipts","2000",390
"Penerimaan Bukan Hasil/Non-Revenue"," Hasil Wilayah Persekutuan","2000",208
"Penerimaan Bukan Hasil/Non-Revenue"," Revenue from Federal Territories","2000",0
"CUKAI LANGSUNG/DIRECT TAX","Perseorangan/Individuals","2001",20771
"CUKAI LANGSUNG/DIRECT TAX","Syarikat-syarikat/Companies","2001",9436
"CUKAI LANGSUNG/DIRECT TAX","Petroleum/Petroleum","2001",9859
"CUKAI LANGSUNG/DIRECT TAX","Pegangan dan lain-lain/Withholding and others","2001",71
"CUKAI LANGSUNG/DIRECT TAX","Duti Harta Pusaka/Estate Duty","2001",0
"CUKAI LANGSUNG/DIRECT TAX","Duti Setem/Stamp Duty","2001",1649
"CUKAI LANGSUNG/DIRECT TAX","RPGT/Real Property Gains Tax","2001",0
"CUKAI LANGSUNG/DIRECT TAX","Lain-lain/Others","2001",312
"CUKAI TAK LANGSUNG/INDIRECT TAX","Duti Eksport/Export Duties","2001",867
"CUKAI TAK LANGSUNG/INDIRECT TAX","Duti Import dan Cukai Tokok","2001",3193
"CUKAI TAK LANGSUNG/INDIRECT TAX","Import Duties and Surtax","2001",0
"CUKAI TAK LANGSUNG/INDIRECT TAX","Duti Eksais/Excise Duties","2001",4129
"CUKAI TAK LANGSUNG/INDIRECT TAX","Cukai Jualan/Sales Tax","2001",7356
"CUKAI TAK LANGSUNG/INDIRECT TAX","Cukai Perkhidmatan/Service Tax","2001",1926
"CUKAI TAK LANGSUNG/INDIRECT TAX","Cukai Barang dan Perkhidmatan/Goods and Services Tax","2001",0
"CUKAI TAK LANGSUNG/INDIRECT TAX","Lain-lain/Others","2001",1922
"Hasil Bukan Cukai/Non Tax Revenue","Dividen PETRONAS/PETRONAS Dividen","2001",5910
"Hasil Bukan Cukai/Non Tax Revenue","Royalti Petroleum & Gas/Petroleum Royalty & Gas","2001",2000
"Hasil Bukan Cukai/Non Tax Revenue","Lesen Kenderaan Bermotor dan Cukai Jalan/Motor Vehicle Licence and Roadtax","2001",2064
"Hasil Bukan Cukai/Non Tax Revenue","Dividen Bank Negara/Bank Negara Dividen","2001",1000
"Hasil Bukan Cukai/Non Tax Revenue","Lain-lain/Others","2001",6330
"Penerimaan Bukan Hasil/Non-Revenue"," Terimaan Bukan  Hasil/Non-Revenue Receipts","2001",589
"Penerimaan Bukan Hasil/Non-Revenue"," Hasil Wilayah Persekutuan","2001",183
"Penerimaan Bukan Hasil/Non-Revenue"," Revenue from Federal Territories","2001",0
"CUKAI LANGSUNG/DIRECT TAX","Perseorangan/Individuals","2002",24642
"CUKAI LANGSUNG/DIRECT TAX","Syarikat-syarikat/Companies","2002",9889
"CUKAI LANGSUNG/DIRECT TAX","Petroleum/Petroleum","2002",7636
"CUKAI LANGSUNG/DIRECT TAX","Pegangan dan lain-lain/Withholding and others","2002",69
"CUKAI LANGSUNG/DIRECT TAX","Duti Harta Pusaka/Estate Duty","2002",0
"CUKAI LANGSUNG/DIRECT TAX","Duti Setem/Stamp Duty","2002",1733
"CUKAI LANGSUNG/DIRECT TAX","RPGT/Real Property Gains Tax","2002",0
"CUKAI LANGSUNG/DIRECT TAX","Lain-lain/Others","2002",382
"CUKAI TAK LANGSUNG/INDIRECT TAX","Duti Eksport/Export Duties","2002",804
"CUKAI TAK LANGSUNG/INDIRECT TAX","Duti Import dan Cukai Tokok","2002",3669
"CUKAI TAK LANGSUNG/INDIRECT TAX","Import Duties and Surtax","2002",0
"CUKAI TAK LANGSUNG/INDIRECT TAX","Duti Eksais/Excise Duties","2002",4745
"CUKAI TAK LANGSUNG/INDIRECT TAX","Cukai Jualan/Sales Tax","2002",9242
"CUKAI TAK LANGSUNG/INDIRECT TAX","Cukai Perkhidmatan/Service Tax","2002",2214
"CUKAI TAK LANGSUNG/INDIRECT TAX","Cukai Barang dan Perkhidmatan/Goods and Services Tax","2002",0
"CUKAI TAK LANGSUNG/INDIRECT TAX","Lain-lain/Others","2002",1835
"Hasil Bukan Cukai/Non Tax Revenue","Dividen PETRONAS/PETRONAS Dividen","2002",5390
"Hasil Bukan Cukai/Non Tax Revenue","Royalti Petroleum & Gas/Petroleum Royalty & Gas","2002",1600
"Hasil Bukan Cukai/Non Tax Revenue","Lesen Kenderaan Bermotor dan Cukai Jalan/Motor Vehicle Licence and Roadtax","2002",2523
"Hasil Bukan Cukai/Non Tax Revenue","Dividen Bank Negara/Bank Negara Dividen","2002",500
"Hasil Bukan Cukai/Non Tax Revenue","Lain-lain/Others","2002",5746
"Penerimaan Bukan Hasil/Non-Revenue"," Terimaan Bukan  Hasil/Non-Revenue Receipts","2002",686
"Penerimaan Bukan Hasil/Non-Revenue"," Hasil Wilayah Persekutuan","2002",210
"Penerimaan Bukan Hasil/Non-Revenue"," Revenue from Federal Territories","2002",0
"CUKAI LANGSUNG/DIRECT TAX","Perseorangan/Individuals","2003",23990
"CUKAI LANGSUNG/DIRECT TAX","Syarikat-syarikat/Companies","2003",7984
"CUKAI LANGSUNG/DIRECT TAX","Petroleum/Petroleum","2003",8466
"CUKAI LANGSUNG/DIRECT TAX","Pegangan dan lain-lain/Withholding and others","2003",62
"CUKAI LANGSUNG/DIRECT TAX","Duti Harta Pusaka/Estate Duty","2003",0
"CUKAI LANGSUNG/DIRECT TAX","Duti Setem/Stamp Duty","2003",2008
"CUKAI LANGSUNG/DIRECT TAX","RPGT/Real Property Gains Tax","2003",0
"CUKAI LANGSUNG/DIRECT TAX","Lain-lain/Others","2003",506
"CUKAI TAK LANGSUNG/INDIRECT TAX","Duti Eksport/Export Duties","2003",1156
"CUKAI TAK LANGSUNG/INDIRECT TAX","Duti Import dan Cukai Tokok","2003",3919
"CUKAI TAK LANGSUNG/INDIRECT TAX","Import Duties and Surtax","2003",0
"CUKAI TAK LANGSUNG/INDIRECT TAX","Duti Eksais/Excise Duties","2003",5031
"CUKAI TAK LANGSUNG/INDIRECT TAX","Cukai Jualan/Sales Tax","2003",7965
"CUKAI TAK LANGSUNG/INDIRECT TAX","Cukai Perkhidmatan/Service Tax","2003",2038
"CUKAI TAK LANGSUNG/INDIRECT TAX","Cukai Barang dan Perkhidmatan/Goods and Services Tax","2003",0
"CUKAI TAK LANGSUNG/INDIRECT TAX","Lain-lain/Others","2003",1766
"Hasil Bukan Cukai/Non Tax Revenue","Dividen PETRONAS/PETRONAS Dividen","2003",5100
"Hasil Bukan Cukai/Non Tax Revenue","Royalti Petroleum & Gas/Petroleum Royalty & Gas","2003",2142
"Hasil Bukan Cukai/Non Tax Revenue","Lesen Kenderaan Bermotor dan Cukai Jalan/Motor Vehicle Licence and Roadtax","2003",2588
"Hasil Bukan Cukai/Non Tax Revenue","Dividen Bank Negara/Bank Negara Dividen","2003",500
"Hasil Bukan Cukai/Non Tax Revenue","Lain-lain/Others","2003",12800
"Penerimaan Bukan Hasil/Non-Revenue"," Terimaan Bukan  Hasil/Non-Revenue Receipts","2003",4356
"Penerimaan Bukan Hasil/Non-Revenue"," Hasil Wilayah Persekutuan","2003",230
"Penerimaan Bukan Hasil/Non-Revenue"," Revenue from Federal Territories","2003",0
"CUKAI LANGSUNG/DIRECT TAX","Perseorangan/Individuals","2004",24388
"CUKAI LANGSUNG/DIRECT TAX","Syarikat-syarikat/Companies","2004",8977
"CUKAI LANGSUNG/DIRECT TAX","Petroleum/Petroleum","2004",11479
"CUKAI LANGSUNG/DIRECT TAX","Pegangan dan lain-lain/Withholding and others","2004",1275
"CUKAI LANGSUNG/DIRECT TAX","Duti Harta Pusaka/Estate Duty","2004",0
"CUKAI LANGSUNG/DIRECT TAX","Duti Setem/Stamp Duty","2004",2381
"CUKAI LANGSUNG/DIRECT TAX","RPGT/Real Property Gains Tax","2004",0
"CUKAI LANGSUNG/DIRECT TAX","Lain-lain/Others","2004",202
"CUKAI TAK LANGSUNG/INDIRECT TAX","Duti Eksport/Export Duties","2004",1599
"CUKAI TAK LANGSUNG/INDIRECT TAX","Duti Import dan Cukai Tokok","2004",3874
"CUKAI TAK LANGSUNG/INDIRECT TAX","Import Duties and Surtax","2004",0
"CUKAI TAK LANGSUNG/INDIRECT TAX","Duti Eksais/Excise Duties","2004",6828
"CUKAI TAK LANGSUNG/INDIRECT TAX","Cukai Jualan/Sales Tax","2004",6816
"CUKAI TAK LANGSUNG/INDIRECT TAX","Cukai Perkhidmatan/Service Tax","2004",2350
"CUKAI TAK LANGSUNG/INDIRECT TAX","Cukai Barang dan Perkhidmatan/Goods and Services Tax","2004",0
"CUKAI TAK LANGSUNG/INDIRECT TAX","Lain-lain/Others","2004",1880
"Hasil Bukan Cukai/Non Tax Revenue","Dividen PETRONAS/PETRONAS Dividen","2004",9100
"Hasil Bukan Cukai/Non Tax Revenue","Royalti Petroleum & Gas/Petroleum Royalty & Gas","2004",2497
"Hasil Bukan Cukai/Non Tax Revenue","Lesen Kenderaan Bermotor dan Cukai Jalan/Motor Vehicle Licence and Roadtax","2004",2243
"Hasil Bukan Cukai/Non Tax Revenue","Dividen Bank Negara/Bank Negara Dividen","2004",1006
"Hasil Bukan Cukai/Non Tax Revenue","Lain-lain/Others","2004",11665
"Penerimaan Bukan Hasil/Non-Revenue"," Terimaan Bukan  Hasil/Non-Revenue Receipts","2004",573
"Penerimaan Bukan Hasil/Non-Revenue"," Hasil Wilayah Persekutuan","2004",263
"Penerimaan Bukan Hasil/Non-Revenue"," Revenue from Federal Territories","2004",0
"CUKAI LANGSUNG/DIRECT TAX","Perseorangan/Individuals","2005",26381
"CUKAI LANGSUNG/DIRECT TAX","Syarikat-syarikat/Companies","2005",8649
"CUKAI LANGSUNG/DIRECT TAX","Petroleum/Petroleum","2005",14566
"CUKAI LANGSUNG/DIRECT TAX","Pegangan dan lain-lain/Withholding and others","2005",1193
"CUKAI LANGSUNG/DIRECT TAX","Duti Harta Pusaka/Estate Duty","2005",0
"CUKAI LANGSUNG/DIRECT TAX","Duti Setem/Stamp Duty","2005",2460
"CUKAI LANGSUNG/DIRECT TAX","RPGT/Real Property Gains Tax","2005",0
"CUKAI LANGSUNG/DIRECT TAX","Lain-lain/Others","2005",295
"CUKAI TAK LANGSUNG/INDIRECT TAX","Duti Eksport/Export Duties","2005",2086
"CUKAI TAK LANGSUNG/INDIRECT TAX","Duti Import dan Cukai Tokok","2005",3385
"CUKAI TAK LANGSUNG/INDIRECT TAX","Import Duties and Surtax","2005",0
"CUKAI TAK LANGSUNG/INDIRECT TAX","Duti Eksais/Excise Duties","2005",9321
"CUKAI TAK LANGSUNG/INDIRECT TAX","Cukai Jualan/Sales Tax","2005",7709
"CUKAI TAK LANGSUNG/INDIRECT TAX","Cukai Perkhidmatan/Service Tax","2005",2582
"CUKAI TAK LANGSUNG/INDIRECT TAX","Cukai Barang dan Perkhidmatan/Goods and Services Tax","2005",0
"CUKAI TAK LANGSUNG/INDIRECT TAX","Lain-lain/Others","2005",1968
"Hasil Bukan Cukai/Non Tax Revenue","Dividen PETRONAS/PETRONAS Dividen","2005",11000
"Hasil Bukan Cukai/Non Tax Revenue","Royalti Petroleum & Gas/Petroleum Royalty & Gas","2005",3293
"Hasil Bukan Cukai/Non Tax Revenue","Lesen Kenderaan Bermotor dan Cukai Jalan/Motor Vehicle Licence and Roadtax","2005",2619
"Hasil Bukan Cukai/Non Tax Revenue","Dividen Bank Negara/Bank Negara Dividen","2005",1200
"Hasil Bukan Cukai/Non Tax Revenue","Lain-lain/Others","2005",6941
"Penerimaan Bukan Hasil/Non-Revenue"," Terimaan Bukan  Hasil/Non-Revenue Receipts","2005",396
"Penerimaan Bukan Hasil/Non-Revenue"," Hasil Wilayah Persekutuan","2005",261
"Penerimaan Bukan Hasil/Non-Revenue"," Revenue from Federal Territories","2005",0
"CUKAI LANGSUNG/DIRECT TAX","Perseorangan/Individuals","2006",26477
"CUKAI LANGSUNG/DIRECT TAX","Syarikat-syarikat/Companies","2006",10196
"CUKAI LANGSUNG/DIRECT TAX","Petroleum/Petroleum","2006",20674
"CUKAI LANGSUNG/DIRECT TAX","Pegangan dan lain-lain/Withholding and others","2006",1428
"CUKAI LANGSUNG/DIRECT TAX","Duti Harta Pusaka/Estate Duty","2006",0
"CUKAI LANGSUNG/DIRECT TAX","Duti Setem/Stamp Duty","2006",2522
"CUKAI LANGSUNG/DIRECT TAX","RPGT/Real Property Gains Tax","2006",0
"CUKAI LANGSUNG/DIRECT TAX","Lain-lain/Others","2006",276
"CUKAI TAK LANGSUNG/INDIRECT TAX","Duti Eksport/Export Duties","2006",2361
"CUKAI TAK LANGSUNG/INDIRECT TAX","Duti Import dan Cukai Tokok","2006",2679
"CUKAI TAK LANGSUNG/INDIRECT TAX","Import Duties and Surtax","2006",0
"CUKAI TAK LANGSUNG/INDIRECT TAX","Duti Eksais/Excise Duties","2006",8576
"CUKAI TAK LANGSUNG/INDIRECT TAX","Cukai Jualan/Sales Tax","2006",6532
"CUKAI TAK LANGSUNG/INDIRECT TAX","Cukai Perkhidmatan/Service Tax","2006",2685
"CUKAI TAK LANGSUNG/INDIRECT TAX","Cukai Barang dan Perkhidmatan/Goods and Services Tax","2006",0
"CUKAI TAK LANGSUNG/INDIRECT TAX","Lain-lain/Others","2006",2225
"Hasil Bukan Cukai/Non Tax Revenue","Dividen PETRONAS/PETRONAS Dividen","2006",18000
"Hasil Bukan Cukai/Non Tax Revenue","Royalti Petroleum & Gas/Petroleum Royalty & Gas","2006",4240
"Hasil Bukan Cukai/Non Tax Revenue","Lesen Kenderaan Bermotor dan Cukai Jalan/Motor Vehicle Licence and Roadtax","2006",2237
"Hasil Bukan Cukai/Non Tax Revenue","Dividen Bank Negara/Bank Negara Dividen","2006",1200
"Hasil Bukan Cukai/Non Tax Revenue","Lain-lain/Others","2006",10328
"Penerimaan Bukan Hasil/Non-Revenue"," Terimaan Bukan  Hasil/Non-Revenue Receipts","2006",635
"Penerimaan Bukan Hasil/Non-Revenue"," Hasil Wilayah Persekutuan","2006",276
"Penerimaan Bukan Hasil/Non-Revenue"," Revenue from Federal Territories","2006",0
"CUKAI LANGSUNG/DIRECT TAX","Perseorangan/Individuals","2007",32149
"CUKAI LANGSUNG/DIRECT TAX","Syarikat-syarikat/Companies","2007",11661
"CUKAI LANGSUNG/DIRECT TAX","Petroleum/Petroleum","2007",20453
"CUKAI LANGSUNG/DIRECT TAX","Pegangan dan lain-lain/Withholding and others","2007",1395
"CUKAI LANGSUNG/DIRECT TAX","Duti Harta Pusaka/Estate Duty","2007",0
"CUKAI LANGSUNG/DIRECT TAX","Duti Setem/Stamp Duty","2007",3404
"CUKAI LANGSUNG/DIRECT TAX","RPGT/Real Property Gains Tax","2007",0
"CUKAI LANGSUNG/DIRECT TAX","Lain-lain/Others","2007",334
"CUKAI TAK LANGSUNG/INDIRECT TAX","Duti Eksport/Export Duties","2007",2322
"CUKAI TAK LANGSUNG/INDIRECT TAX","Duti Import dan Cukai Tokok","2007",2424
"CUKAI TAK LANGSUNG/INDIRECT TAX","Import Duties and Surtax","2007",0
"CUKAI TAK LANGSUNG/INDIRECT TAX","Duti Eksais/Excise Duties","2007",8991
"CUKAI TAK LANGSUNG/INDIRECT TAX","Cukai Jualan/Sales Tax","2007",6642
"CUKAI TAK LANGSUNG/INDIRECT TAX","Cukai Perkhidmatan/Service Tax","2007",3013
"CUKAI TAK LANGSUNG/INDIRECT TAX","Cukai Barang dan Perkhidmatan/Goods and Services Tax","2007",0
"CUKAI TAK LANGSUNG/INDIRECT TAX","Lain-lain/Others","2007",2380
"Hasil Bukan Cukai/Non Tax Revenue","Dividen PETRONAS/PETRONAS Dividen","2007",24000
"Hasil Bukan Cukai/Non Tax Revenue","Royalti Petroleum & Gas/Petroleum Royalty & Gas","2007",4152
"Hasil Bukan Cukai/Non Tax Revenue","Lesen Kenderaan Bermotor dan Cukai Jalan/Motor Vehicle Licence and Roadtax","2007",2170
"Hasil Bukan Cukai/Non Tax Revenue","Dividen Bank Negara/Bank Negara Dividen","2007",1200
"Hasil Bukan Cukai/Non Tax Revenue","Lain-lain/Others","2007",12428
"Penerimaan Bukan Hasil/Non-Revenue"," Terimaan Bukan  Hasil/Non-Revenue Receipts","2007",461
"Penerimaan Bukan Hasil/Non-Revenue"," Hasil Wilayah Persekutuan","2007",306
"Penerimaan Bukan Hasil/Non-Revenue"," Revenue from Federal Territories","2007",0
"CUKAI LANGSUNG/DIRECT TAX","Perseorangan/Individuals","2008",37741
"CUKAI LANGSUNG/DIRECT TAX","Syarikat-syarikat/Companies","2008",14966
"CUKAI LANGSUNG/DIRECT TAX","Petroleum/Petroleum","2008",24191
"CUKAI LANGSUNG/DIRECT TAX","Pegangan dan lain-lain/Withholding and others","2008",1577
"CUKAI LANGSUNG/DIRECT TAX","Duti Harta Pusaka/Estate Duty","2008",1
"CUKAI LANGSUNG/DIRECT TAX","Duti Setem/Stamp Duty","2008",3492
"CUKAI LANGSUNG/DIRECT TAX","RPGT/Real Property Gains Tax","2008",110
"CUKAI LANGSUNG/DIRECT TAX","Lain-lain/Others","2008",60
"CUKAI TAK LANGSUNG/INDIRECT TAX","Duti Eksport/Export Duties","2008",2779
"CUKAI TAK LANGSUNG/INDIRECT TAX","Duti Import dan Cukai Tokok","2008",2635
"CUKAI TAK LANGSUNG/INDIRECT TAX","Import Duties and Surtax","2008",0
"CUKAI TAK LANGSUNG/INDIRECT TAX","Duti Eksais/Excise Duties","2008",10683
"CUKAI TAK LANGSUNG/INDIRECT TAX","Cukai Jualan/Sales Tax","2008",8374
"CUKAI TAK LANGSUNG/INDIRECT TAX","Cukai Perkhidmatan/Service Tax","2008",3345
"CUKAI TAK LANGSUNG/INDIRECT TAX","Cukai Barang dan Perkhidmatan/Goods and Services Tax","2008",0
"CUKAI TAK LANGSUNG/INDIRECT TAX","Lain-lain/Others","2008",2944
"Hasil Bukan Cukai/Non Tax Revenue","Dividen PETRONAS/PETRONAS Dividen","2008",30000
"Hasil Bukan Cukai/Non Tax Revenue","Royalti Petroleum & Gas/Petroleum Royalty & Gas","2008",5908
"Hasil Bukan Cukai/Non Tax Revenue","Lesen Kenderaan Bermotor dan Cukai Jalan/Motor Vehicle Licence and Roadtax","2008",2313
"Hasil Bukan Cukai/Non Tax Revenue","Dividen Bank Negara/Bank Negara Dividen","2008",1500
"Hasil Bukan Cukai/Non Tax Revenue","Lain-lain/Others","2008",6190
"Penerimaan Bukan Hasil/Non-Revenue"," Terimaan Bukan  Hasil/Non-Revenue Receipts","2008",693
"Penerimaan Bukan Hasil/Non-Revenue"," Hasil Wilayah Persekutuan","2008",292
"Penerimaan Bukan Hasil/Non-Revenue"," Revenue from Federal Territories","2008",0
"CUKAI LANGSUNG/DIRECT TAX","Perseorangan/Individuals","2009",30199
"CUKAI LANGSUNG/DIRECT TAX","Syarikat-syarikat/Companies","2009",15590
"CUKAI LANGSUNG/DIRECT TAX","Petroleum/Petroleum","2009",27231
"CUKAI LANGSUNG/DIRECT TAX","Pegangan dan lain-lain/Withholding and others","2009",1897
"CUKAI LANGSUNG/DIRECT TAX","Duti Harta Pusaka/Estate Duty","2009",4
"CUKAI LANGSUNG/DIRECT TAX","Duti Setem/Stamp Duty","2009",3349
"CUKAI LANGSUNG/DIRECT TAX","RPGT/Real Property Gains Tax","2009",42
"CUKAI LANGSUNG/DIRECT TAX","Lain-lain/Others","2009",62
"CUKAI TAK LANGSUNG/INDIRECT TAX","Duti Eksport/Export Duties","2009",1152
"CUKAI TAK LANGSUNG/INDIRECT TAX","Duti Import dan Cukai Tokok","2009",2114
"CUKAI TAK LANGSUNG/INDIRECT TAX","Import Duties and Surtax","2009",0
"CUKAI TAK LANGSUNG/INDIRECT TAX","Duti Eksais/Excise Duties","2009",10068
"CUKAI TAK LANGSUNG/INDIRECT TAX","Cukai Jualan/Sales Tax","2009",8603
"CUKAI TAK LANGSUNG/INDIRECT TAX","Cukai Perkhidmatan/Service Tax","2009",3344
"CUKAI TAK LANGSUNG/INDIRECT TAX","Cukai Barang dan Perkhidmatan/Goods and Services Tax","2009",0
"CUKAI TAK LANGSUNG/INDIRECT TAX","Lain-lain/Others","2009",2847
"Hasil Bukan Cukai/Non Tax Revenue","Dividen PETRONAS/PETRONAS Dividen","2009",30000
"Hasil Bukan Cukai/Non Tax Revenue","Royalti Petroleum & Gas/Petroleum Royalty & Gas","2009",4805
"Hasil Bukan Cukai/Non Tax Revenue","Lesen Kenderaan Bermotor dan Cukai Jalan/Motor Vehicle Licence and Roadtax","2009",2367
"Hasil Bukan Cukai/Non Tax Revenue","Dividen Bank Negara/Bank Negara Dividen","2009",1500
"Hasil Bukan Cukai/Non Tax Revenue","Lain-lain/Others","2009",12117
"Penerimaan Bukan Hasil/Non-Revenue"," Terimaan Bukan  Hasil/Non-Revenue Receipts","2009",1068
"Penerimaan Bukan Hasil/Non-Revenue"," Hasil Wilayah Persekutuan","2009",278
"Penerimaan Bukan Hasil/Non-Revenue"," Revenue from Federal Territories","2009",0
"CUKAI LANGSUNG/DIRECT TAX","Perseorangan/Individuals","2010",36266
"CUKAI LANGSUNG/DIRECT TAX","Syarikat-syarikat/Companies","2010",17805
"CUKAI LANGSUNG/DIRECT TAX","Petroleum/Petroleum","2010",18713
"CUKAI LANGSUNG/DIRECT TAX","Pegangan dan lain-lain/Withholding and others","2010",1667
"CUKAI LANGSUNG/DIRECT TAX","Duti Harta Pusaka/Estate Duty","2010",1
"CUKAI LANGSUNG/DIRECT TAX","Duti Setem/Stamp Duty","2010",4192
"CUKAI LANGSUNG/DIRECT TAX","RPGT/Real Property Gains Tax","2010",303
"CUKAI LANGSUNG/DIRECT TAX","Lain-lain/Others","2010",62
"CUKAI TAK LANGSUNG/INDIRECT TAX","Duti Eksport/Export Duties","2010",1810
"CUKAI TAK LANGSUNG/INDIRECT TAX","Duti Import dan Cukai Tokok","2010",1966
"CUKAI TAK LANGSUNG/INDIRECT TAX","Import Duties and Surtax","2010",0
"CUKAI TAK LANGSUNG/INDIRECT TAX","Duti Eksais/Excise Duties","2010",11770
"CUKAI TAK LANGSUNG/INDIRECT TAX","Cukai Jualan/Sales Tax","2010",8171
"CUKAI TAK LANGSUNG/INDIRECT TAX","Cukai Perkhidmatan/Service Tax","2010",3926
"CUKAI TAK LANGSUNG/INDIRECT TAX","Cukai Barang dan Perkhidmatan/Goods and Services Tax","2010",0
"CUKAI TAK LANGSUNG/INDIRECT TAX","Lain-lain/Others","2010",2863
"Hasil Bukan Cukai/Non Tax Revenue","Dividen PETRONAS/PETRONAS Dividen","2010",30000
"Hasil Bukan Cukai/Non Tax Revenue","Royalti Petroleum & Gas/Petroleum Royalty & Gas","2010",4855
"Hasil Bukan Cukai/Non Tax Revenue","Lesen Kenderaan Bermotor dan Cukai Jalan/Motor Vehicle Licence and Roadtax","2010",2550
"Hasil Bukan Cukai/Non Tax Revenue","Dividen Bank Negara/Bank Negara Dividen","2010",2000
"Hasil Bukan Cukai/Non Tax Revenue","Lain-lain/Others","2010",9462
"Penerimaan Bukan Hasil/Non-Revenue"," Terimaan Bukan  Hasil/Non-Revenue Receipts","2010",793
"Penerimaan Bukan Hasil/Non-Revenue"," Hasil Wilayah Persekutuan","2010",477
"Penerimaan Bukan Hasil/Non-Revenue"," Revenue from Federal Territories","2010",0
"CUKAI LANGSUNG/DIRECT TAX","Perseorangan/Individuals","2011",46888
"CUKAI LANGSUNG/DIRECT TAX","Syarikat-syarikat/Companies","2011",20203
"CUKAI LANGSUNG/DIRECT TAX","Petroleum/Petroleum","2011",27748
"CUKAI LANGSUNG/DIRECT TAX","Pegangan dan lain-lain/Withholding and others","2011",1893
"CUKAI LANGSUNG/DIRECT TAX","Duti Harta Pusaka/Estate Duty","2011",1
"CUKAI LANGSUNG/DIRECT TAX","Duti Setem/Stamp Duty","2011",4929
"CUKAI LANGSUNG/DIRECT TAX","RPGT/Real Property Gains Tax","2011",509
"CUKAI LANGSUNG/DIRECT TAX","Lain-lain/Others","2011",70
"CUKAI TAK LANGSUNG/INDIRECT TAX","Duti Eksport/Export Duties","2011",2081
"CUKAI TAK LANGSUNG/INDIRECT TAX","Duti Import dan Cukai Tokok","2011",2026
"CUKAI TAK LANGSUNG/INDIRECT TAX","Import Duties and Surtax","2011",0
"CUKAI TAK LANGSUNG/INDIRECT TAX","Duti Eksais/Excise Duties","2011",11517
"CUKAI TAK LANGSUNG/INDIRECT TAX","Cukai Jualan/Sales Tax","2011",8577
"CUKAI TAK LANGSUNG/INDIRECT TAX","Cukai Perkhidmatan/Service Tax","2011",4982
"CUKAI TAK LANGSUNG/INDIRECT TAX","Cukai Barang dan Perkhidmatan/Goods and Services Tax","2011",0
"CUKAI TAK LANGSUNG/INDIRECT TAX","Lain-lain/Others","2011",3460
"Hasil Bukan Cukai/Non Tax Revenue","Dividen PETRONAS/PETRONAS Dividen","2011",30000
"Hasil Bukan Cukai/Non Tax Revenue","Royalti Petroleum & Gas/Petroleum Royalty & Gas","2011",5148
"Hasil Bukan Cukai/Non Tax Revenue","Lesen Kenderaan Bermotor dan Cukai Jalan/Motor Vehicle Licence and Roadtax","2011",2755
"Hasil Bukan Cukai/Non Tax Revenue","Dividen Bank Negara/Bank Negara Dividen","2011",2000
"Hasil Bukan Cukai/Non Tax Revenue","Lain-lain/Others","2011",9521
"Penerimaan Bukan Hasil/Non-Revenue"," Terimaan Bukan  Hasil/Non-Revenue Receipts","2011",544
"Penerimaan Bukan Hasil/Non-Revenue"," Hasil Wilayah Persekutuan","2011",567
"Penerimaan Bukan Hasil/Non-Revenue"," Revenue from Federal Territories","2011",0
"CUKAI LANGSUNG/DIRECT TAX","Perseorangan/Individuals","2012",51288
"CUKAI LANGSUNG/DIRECT TAX","Syarikat-syarikat/Companies","2012",22977
"CUKAI LANGSUNG/DIRECT TAX","Petroleum/Petroleum","2012",33934
"CUKAI LANGSUNG/DIRECT TAX","Pegangan dan lain-lain/Withholding and others","2012",2463
"CUKAI LANGSUNG/DIRECT TAX","Duti Harta Pusaka/Estate Duty","2012",2
"CUKAI LANGSUNG/DIRECT TAX","Duti Setem/Stamp Duty","2012",5595
"CUKAI LANGSUNG/DIRECT TAX","RPGT/Real Property Gains Tax","2012",608
"CUKAI LANGSUNG/DIRECT TAX","Lain-lain/Others","2012",71
"CUKAI TAK LANGSUNG/INDIRECT TAX","Duti Eksport/Export Duties","2012",1968
"CUKAI TAK LANGSUNG/INDIRECT TAX","Duti Import dan Cukai Tokok","2012",2282
"CUKAI TAK LANGSUNG/INDIRECT TAX","Import Duties and Surtax","2012",0
"CUKAI TAK LANGSUNG/INDIRECT TAX","Duti Eksais/Excise Duties","2012",12187
"CUKAI TAK LANGSUNG/INDIRECT TAX","Cukai Jualan/Sales Tax","2012",9496
"CUKAI TAK LANGSUNG/INDIRECT TAX","Cukai Perkhidmatan/Service Tax","2012",5583
"CUKAI TAK LANGSUNG/INDIRECT TAX","Cukai Barang dan Perkhidmatan/Goods and Services Tax","2012",0
"CUKAI TAK LANGSUNG/INDIRECT TAX","Lain-lain/Others","2012",3190
"Hasil Bukan Cukai/Non Tax Revenue","Dividen PETRONAS/PETRONAS Dividen","2012",26260
"Hasil Bukan Cukai/Non Tax Revenue","Royalti Petroleum & Gas/Petroleum Royalty & Gas","2012",6423
"Hasil Bukan Cukai/Non Tax Revenue","Lesen Kenderaan Bermotor dan Cukai Jalan/Motor Vehicle Licence and Roadtax","2012",2893
"Hasil Bukan Cukai/Non Tax Revenue","Dividen Bank Negara/Bank Negara Dividen","2012",2000
"Hasil Bukan Cukai/Non Tax Revenue","Lain-lain/Others","2012",17332
"Penerimaan Bukan Hasil/Non-Revenue"," Terimaan Bukan  Hasil/Non-Revenue Receipts","2012",877
"Penerimaan Bukan Hasil/Non-Revenue"," Hasil Wilayah Persekutuan","2012",483
"Penerimaan Bukan Hasil/Non-Revenue"," Revenue from Federal Territories","2012",0
"CUKAI LANGSUNG/DIRECT TAX","Perseorangan/Individuals","2014",24423
"CUKAI LANGSUNG/DIRECT TAX","Syarikat-syarikat/Companies","2014",65240
"CUKAI LANGSUNG/DIRECT TAX","Petroleum/Petroleum","2014",26956
"CUKAI LANGSUNG/DIRECT TAX","Pegangan dan lain-lain/Withholding and others","2014",2377
"CUKAI LANGSUNG/DIRECT TAX","Duti Harta Pusaka/Estate Duty","2014",2
"CUKAI LANGSUNG/DIRECT TAX","Duti Setem/Stamp Duty","2014",6458
"CUKAI LANGSUNG/DIRECT TAX","RPGT/Real Property Gains Tax","2014",1210
"CUKAI LANGSUNG/DIRECT TAX","Lain-lain/Others","2014",77
"CUKAI TAK LANGSUNG/INDIRECT TAX","Duti Eksport/Export Duties","2014",1893
"CUKAI TAK LANGSUNG/INDIRECT TAX","Duti Import dan Cukai Tokok","2014",2670
"CUKAI TAK LANGSUNG/INDIRECT TAX","Import Duties and Surtax","2014",0
"CUKAI TAK LANGSUNG/INDIRECT TAX","Duti Eksais/Excise Duties","2014",12925
"CUKAI TAK LANGSUNG/INDIRECT TAX","Cukai Jualan/Sales Tax","2014",10939
"CUKAI TAK LANGSUNG/INDIRECT TAX","Cukai Perkhidmatan/Service Tax","2014",6278
"CUKAI TAK LANGSUNG/INDIRECT TAX","Cukai Barang dan Perkhidmatan/Goods and Services Tax","2014",0
"CUKAI TAK LANGSUNG/INDIRECT TAX","Lain-lain/Others","2014",2758
"Hasil Bukan Cukai/Non Tax Revenue","Dividen PETRONAS/PETRONAS Dividen","2014",29000
"Hasil Bukan Cukai/Non Tax Revenue","Royalti Petroleum & Gas/Petroleum Royalty & Gas","2014",6532
"Hasil Bukan Cukai/Non Tax Revenue","Lesen Kenderaan Bermotor dan Cukai Jalan/Motor Vehicle Licence and Roadtax","2014",2532
"Hasil Bukan Cukai/Non Tax Revenue","Dividen Bank Negara/Bank Negara Dividen","2014",1500
"Hasil Bukan Cukai/Non Tax Revenue","Lain-lain/Others","2014",14335
"Penerimaan Bukan Hasil/Non-Revenue"," Terimaan Bukan  Hasil/Non-Revenue Receipts","2014",1667
"Penerimaan Bukan Hasil/Non-Revenue"," Hasil Wilayah Persekutuan","2014",855
"Penerimaan Bukan Hasil/Non-Revenue"," Revenue from Federal Territories","2014",0
"CUKAI LANGSUNG/DIRECT TAX","Perseorangan/Individuals","2015",26321
"CUKAI LANGSUNG/DIRECT TAX","Syarikat-syarikat/Companies","2015",63679
"CUKAI LANGSUNG/DIRECT TAX","Petroleum/Petroleum","2015",11559
"CUKAI LANGSUNG/DIRECT TAX","Pegangan dan lain-lain/Withholding and others","2015",2426
"CUKAI LANGSUNG/DIRECT TAX","Duti Harta Pusaka/Estate Duty","2015",1
"CUKAI LANGSUNG/DIRECT TAX","Duti Setem/Stamp Duty","2015",5974
"CUKAI LANGSUNG/DIRECT TAX","RPGT/Real Property Gains Tax","2015",1729
"CUKAI LANGSUNG/DIRECT TAX","Lain-lain/Others","2015",81
"CUKAI TAK LANGSUNG/INDIRECT TAX","Duti Eksport/Export Duties","2015",1039
"CUKAI TAK LANGSUNG/INDIRECT TAX","Duti Import dan Cukai Tokok","2015",2732
"CUKAI TAK LANGSUNG/INDIRECT TAX","Import Duties and Surtax","2015",0
"CUKAI TAK LANGSUNG/INDIRECT TAX","Duti Eksais/Excise Duties","2015",11890
"CUKAI TAK LANGSUNG/INDIRECT TAX","Cukai Jualan/Sales Tax","2015",5223
"CUKAI TAK LANGSUNG/INDIRECT TAX","Cukai Perkhidmatan/Service Tax","2015",3038
"CUKAI TAK LANGSUNG/INDIRECT TAX","Cukai Barang dan Perkhidmatan/Goods and Services Tax","2015",27012
"CUKAI TAK LANGSUNG/INDIRECT TAX","Lain-lain/Others","2015",2736
"Hasil Bukan Cukai/Non Tax Revenue","Dividen PETRONAS/PETRONAS Dividen","2015",26000
"Hasil Bukan Cukai/Non Tax Revenue","Royalti Petroleum & Gas/Petroleum Royalty & Gas","2015",5142
"Hasil Bukan Cukai/Non Tax Revenue","Lesen Kenderaan Bermotor dan Cukai Jalan/Motor Vehicle Licence and Roadtax","2015",2630
"Hasil Bukan Cukai/Non Tax Revenue","Dividen Bank Negara/Bank Negara Dividen","2015",3000
"Hasil Bukan Cukai/Non Tax Revenue","Lain-lain/Others","2015",14695
"Penerimaan Bukan Hasil/Non-Revenue"," Terimaan Bukan  Hasil/Non-Revenue Receipts","2015",1290
"Penerimaan Bukan Hasil/Non-Revenue"," Hasil Wilayah Persekutuan","2015",892
"Penerimaan Bukan Hasil/Non-Revenue"," Revenue from Federal Territories","2015",0
"CUKAI LANGSUNG/DIRECT TAX","Perseorangan/Individuals","2016",27566
"CUKAI LANGSUNG/DIRECT TAX","Syarikat-syarikat/Companies","2016",63625
"CUKAI LANGSUNG/DIRECT TAX","Petroleum/Petroleum","2016",8422
"CUKAI LANGSUNG/DIRECT TAX","Pegangan dan lain-lain/Withholding and others","2016",2695
"CUKAI LANGSUNG/DIRECT TAX","Duti Harta Pusaka/Estate Duty","2016",2
"CUKAI LANGSUNG/DIRECT TAX","Duti Setem/Stamp Duty","2016",5688
"CUKAI LANGSUNG/DIRECT TAX","RPGT/Real Property Gains Tax","2016",1492
"CUKAI LANGSUNG/DIRECT TAX","Lain-lain/Others","2016",118
"CUKAI TAK LANGSUNG/INDIRECT TAX","Duti Eksport/Export Duties","2016",980
"CUKAI TAK LANGSUNG/INDIRECT TAX","Duti Import dan Cukai Tokok","2016",2905
"CUKAI TAK LANGSUNG/INDIRECT TAX","Import Duties and Surtax","2016",0
"CUKAI TAK LANGSUNG/INDIRECT TAX","Duti Eksais/Excise Duties","2016",11705
"CUKAI TAK LANGSUNG/INDIRECT TAX","Cukai Jualan/Sales Tax","2016",103
"CUKAI TAK LANGSUNG/INDIRECT TAX","Cukai Perkhidmatan/Service Tax","2016",103
"CUKAI TAK LANGSUNG/INDIRECT TAX","Cukai Barang dan Perkhidmatan/Goods and Services Tax","2016",41206
"CUKAI TAK LANGSUNG/INDIRECT TAX","Lain-lain/Others","2016",2733
"Hasil Bukan Cukai/Non Tax Revenue","Dividen PETRONAS/PETRONAS Dividen","2016",16000
"Hasil Bukan Cukai/Non Tax Revenue","Royalti Petroleum & Gas/Petroleum Royalty & Gas","2016",3661
"Hasil Bukan Cukai/Non Tax Revenue","Lesen Kenderaan Bermotor dan Cukai Jalan/Motor Vehicle Licence and Roadtax","2016",2714
"Hasil Bukan Cukai/Non Tax Revenue","Dividen Bank Negara/Bank Negara Dividen","2016",3000
"Hasil Bukan Cukai/Non Tax Revenue","Lain-lain/Others","2016",14631
"Penerimaan Bukan Hasil/Non-Revenue"," Terimaan Bukan  Hasil/Non-Revenue Receipts","2016",2113
"Penerimaan Bukan Hasil/Non-Revenue"," Hasil Wilayah Persekutuan","2016",958
"Penerimaan Bukan Hasil/Non-Revenue"," Revenue from Federal Territories","2016",0
"CUKAI LANGSUNG/DIRECT TAX","Perseorangan/Individuals","2017",29853
"CUKAI LANGSUNG/DIRECT TAX","Syarikat-syarikat/Companies","2017",69193
"CUKAI LANGSUNG/DIRECT TAX","Petroleum/Petroleum","2017",10637
"CUKAI LANGSUNG/DIRECT TAX","Pegangan dan lain-lain/Withholding and others","2017",2690
"CUKAI LANGSUNG/DIRECT TAX","Duti Harta Pusaka/Estate Duty","2017",0
"CUKAI LANGSUNG/DIRECT TAX","Duti Setem/Stamp Duty","2017",6440
"CUKAI LANGSUNG/DIRECT TAX","RPGT/Real Property Gains Tax","2017",1846
"CUKAI LANGSUNG/DIRECT TAX","Lain-lain/Others","2017",80
"CUKAI TAK LANGSUNG/INDIRECT TAX","Duti Eksport/Export Duties","2017",731
"CUKAI TAK LANGSUNG/INDIRECT TAX","Duti Import dan Cukai Tokok","2017",3008
"CUKAI TAK LANGSUNG/INDIRECT TAX","Import Duties and Surtax","2017",0
"CUKAI TAK LANGSUNG/INDIRECT TAX","Duti Eksais/Excise Duties","2017",13111
"CUKAI TAK LANGSUNG/INDIRECT TAX","Cukai Jualan/Sales Tax","2017",0
"CUKAI TAK LANGSUNG/INDIRECT TAX","Cukai Perkhidmatan/Service Tax","2017",0
"CUKAI TAK LANGSUNG/INDIRECT TAX","Cukai Barang dan Perkhidmatan/Goods and Services Tax","2017",40000
"CUKAI TAK LANGSUNG/INDIRECT TAX","Lain-lain/Others","2017",2991
"Hasil Bukan Cukai/Non Tax Revenue","Dividen PETRONAS/PETRONAS Dividen","2017",13000
"Hasil Bukan Cukai/Non Tax Revenue","Royalti Petroleum & Gas/Petroleum Royalty & Gas","2017",3712
"Hasil Bukan Cukai/Non Tax Revenue","Lesen Kenderaan Bermotor dan Cukai Jalan/Motor Vehicle Licence and Roadtax","2017",2724
"Hasil Bukan Cukai/Non Tax Revenue","Dividen Bank Negara/Bank Negara Dividen","2017",2000
"Hasil Bukan Cukai/Non Tax Revenue","Lain-lain/Others","2017",15391
"Penerimaan Bukan Hasil/Non-Revenue"," Terimaan Bukan  Hasil/Non-Revenue Receipts","2017",1372
"Penerimaan Bukan Hasil/Non-Revenue"," Hasil Wilayah Persekutuan","2017",947
"Penerimaan Bukan Hasil/Non-Revenue"," Revenue from Federal Territories","2017",0
